Started GET "/" for 127.0.0.1 at 2026-06-10 12:24:05 -0700
  [1m[35m (19.6ms)[0m  [1m[35mCREATE TABLE "schema_migrations" ("version" varchar NOT NULL PRIMARY KEY) /*application='RubyWeatherApp'*/[0m
  [1m[35m (5.1ms)[0m  [1m[35mCREATE TABLE "ar_internal_metadata" ("key" varchar NOT NULL PRIMARY KEY, "value" varchar, "created_at" datetime(6) NOT NULL, "updated_at" datetime(6) NOT NULL) /*application='RubyWeatherApp'*/[0m
  [1m[36mActiveRecord::SchemaMigration Load (1.6ms)[0m  [1m[34mSELECT "schema_migrations"."version" FROM "schema_migrations" ORDER BY "schema_migrations"."version" ASC /*application='RubyWeatherApp'*/[0m
Processing by Rails::WelcomeController#index as HTML
  Rendering /home/miguel/.local/share/mise/installs/ruby/3.4.9/lib/ruby/gems/3.4.0/gems/railties-8.1.3/lib/rails/templates/rails/welcome/index.html.erb
  Rendered /home/miguel/.local/share/mise/installs/ruby/3.4.9/lib/ruby/gems/3.4.0/gems/railties-8.1.3/lib/rails/templates/rails/welcome/index.html.erb (Duration: 0.9ms | GC: 0.0ms)
Completed 200 OK in 480ms (Views: 88.0ms | ActiveRecord: 0.0ms (0 queries, 0 cached) | GC: 0.0ms)


Started GET "/" for 127.0.0.1 at 2026-06-10 12:24:19 -0700
Processing by Rails::WelcomeController#index as HTML
  Rendering /home/miguel/.local/share/mise/installs/ruby/3.4.9/lib/ruby/gems/3.4.0/gems/railties-8.1.3/lib/rails/templates/rails/welcome/index.html.erb
  Rendered /home/miguel/.local/share/mise/installs/ruby/3.4.9/lib/ruby/gems/3.4.0/gems/railties-8.1.3/lib/rails/templates/rails/welcome/index.html.erb (Duration: 0.1ms | GC: 0.0ms)
Completed 200 OK in 37ms (Views: 1.9ms | ActiveRecord: 0.0ms (0 queries, 0 cached) | GC: 0.0ms)


Started GET "/up" for 127.0.0.1 at 2026-06-10 13:25:46 -0700
  [1m[36mActiveRecord::SchemaMigration Load (1.0ms)[0m  [1m[34mSELECT "schema_migrations"."version" FROM "schema_migrations" ORDER BY "schema_migrations"."version" ASC /*application='RubyWeatherApp'*/[0m
Processing by Rails::HealthController#show as HTML
  Rendering html template
  Rendered html template (Duration: 0.0ms | GC: 0.0ms)
Completed 200 OK in 122ms (Views: 42.5ms | ActiveRecord: 0.0ms (0 queries, 0 cached) | GC: 4.4ms)


Started GET "/favicon.ico" for 127.0.0.1 at 2026-06-10 13:25:47 -0700
  
ActionController::RoutingError (No route matches [GET] "/favicon.ico"):
  
Started GET "/up" for 127.0.0.1 at 2026-06-10 13:29:25 -0700
Processing by Rails::HealthController#show as HTML
  Rendering html template
  Rendered html template (Duration: 0.0ms | GC: 0.0ms)
Completed 200 OK in 36ms (Views: 2.3ms | ActiveRecord: 0.0ms (0 queries, 0 cached) | GC: 0.0ms)


Started GET "/up" for 127.0.0.1 at 2026-06-10 13:29:33 -0700
Processing by Rails::HealthController#show as HTML
  Rendering html template
  Rendered html template (Duration: 0.0ms | GC: 0.0ms)
Completed 200 OK in 36ms (Views: 1.9ms | ActiveRecord: 0.0ms (0 queries, 0 cached) | GC: 0.0ms)


Started GET "/up" for 127.0.0.1 at 2026-06-10 13:30:38 -0700
Processing by Rails::HealthController#show as HTML
  Rendering html template
  Rendered html template (Duration: 0.0ms | GC: 0.0ms)
Completed 200 OK in 41ms (Views: 1.6ms | ActiveRecord: 0.0ms (0 queries, 0 cached) | GC: 0.0ms)


Started GET "/Forecasts/index" for 127.0.0.1 at 2026-06-10 13:42:08 -0700
  
ActionController::RoutingError (No route matches [GET] "/Forecasts/index"):
  
Started GET "/forecasts/index" for 127.0.0.1 at 2026-06-10 13:42:54 -0700
Processing by ForecastsController#index as HTML
  Rendering layout layouts/application.html.erb
  Rendering forecasts/index.html.erb within layouts/application
  Rendered forecasts/index.html.erb within layouts/application (Duration: 3.2ms | GC: 0.0ms)
  Rendered layout layouts/application.html.erb (Duration: 102.1ms | GC: 0.0ms)
Completed 200 OK in 525ms (Views: 117.1ms | ActiveRecord: 0.0ms (0 queries, 0 cached) | GC: 0.0ms)


Started GET "/forecasts" for 127.0.0.1 at 2026-06-10 13:43:48 -0700
  
ActionController::RoutingError (No route matches [GET] "/forecasts"):
  
Started GET "/forecasts" for 127.0.0.1 at 2026-06-10 13:44:18 -0700
  
ArgumentError (Missing :controller key on routes definition, please check your routes.):
  
config/routes.rb:2:in 'block in <compiled>'
config/routes.rb:1:in '<compiled>'
Started GET "/forecasts" for 127.0.0.1 at 2026-06-10 13:44:35 -0700
Processing by ForecastsController#index as HTML
  Rendering layout layouts/application.html.erb
  Rendering forecasts/index.html.erb within layouts/application
  Rendered forecasts/index.html.erb within layouts/application (Duration: 4.5ms | GC: 0.0ms)
  Rendered layout layouts/application.html.erb (Duration: 31.4ms | GC: 0.3ms)
Completed 200 OK in 89ms (Views: 44.3ms | ActiveRecord: 0.0ms (0 queries, 0 cached) | GC: 0.3ms)


Started GET "/forecasts" for 127.0.0.1 at 2026-06-10 13:58:09 -0700
Processing by ForecastsController#index as HTML
  Rendering layout layouts/application.html.erb
  Rendering forecasts/index.html.erb within layouts/application
  Rendered forecasts/index.html.erb within layouts/application (Duration: 23.8ms | GC: 0.2ms)
  Rendered layout layouts/application.html.erb (Duration: 25.8ms | GC: 0.2ms)
Completed 500 Internal Server Error in 109ms (ActiveRecord: 0.0ms (0 queries, 0 cached) | GC: 0.2ms)


  
ActionView::SyntaxErrorInTemplate (Encountered a syntax error while rendering template located at: app/views/forecasts/index.html.erb)
Caused by: ActiveSupport::SyntaxErrorProxy (/mnt/c/Users/Miguel/Documents/dev/ruby-weather-app/app/views/forecasts/index.html.erb:5: syntax errors found
  [2m 3 | [m<p>Enter an address below to find forecast data</p>
  [2m 4 | [m
[1;31m> [m[2m 5 | [m... , do |form| ; @output_buffer.safe_ ...
  [2m   | [m    [1;31m^[m unexpected 'do'; expected an argument
  [2m   | [m      [1;31m^~[m unexpected 'do'; expected an argument
  [2m 6 | [m  <div>
  [2m 7 | [m    '.freeze; @output_buffer.append=( form.label :address, "Enter address:" ); @output_buffer.safe_append='
[2m  ~~~~~~[m
  [2m14 | [m'.freeze;
  [2m15 | [m@output_buffer.safe_append='<!-- END app/views/forecasts/index.html.erb -->';@output_buffer
[1;31m> [m[2m16 | [m          end
  [2m   | [m             [1;31m^[m unexpected end-of-input, assuming it is closing the parent top level context
[1;31m> [m[2m17 | [m
  [2m   | [m[1;31m^[m expected an `end` to close the `def` statement
)

Information for: ActionView::SyntaxErrorInTemplate (Encountered a syntax error while rendering template located at: app/views/forecasts/index.html.erb):
1:    <h1>Forecasts#index</h1>
2:    <p>Enter an address below to find forecast data</p>
3:    
4:    <%= form_with url: forecast_path, method: :show, do |form| %>
5:      <div>
6:        <%= form.label :address, "Enter address:" %>
7:        <%= form.text_field :address, placeholder: "Type address here..." %>
8:    
9:        <div>
10:          <%= form.submit "Submit" %>
11:        </div>
12:      </div>
  
app/views/forecasts/index.html.erb:5: syntax errors found

Information for cause: ActiveSupport::SyntaxErrorProxy (/mnt/c/Users/Miguel/Documents/dev/ruby-weather-app/app/views/forecasts/index.html.erb:5: syntax errors found
  [2m 3 | [m<p>Enter an address below to find forecast data</p>
  [2m 4 | [m
[1;31m> [m[2m 5 | [m... , do |form| ; @output_buffer.safe_ ...
  [2m   | [m    [1;31m^[m unexpected 'do'; expected an argument
  [2m   | [m      [1;31m^~[m unexpected 'do'; expected an argument
  [2m 6 | [m  <div>
  [2m 7 | [m    '.freeze; @output_buffer.append=( form.label :address, "Enter address:" ); @output_buffer.safe_append='
[2m  ~~~~~~[m
  [2m14 | [m'.freeze;
  [2m15 | [m@output_buffer.safe_append='<!-- END app/views/forecasts/index.html.erb -->';@output_buffer
[1;31m> [m[2m16 | [m          end
  [2m   | [m             [1;31m^[m unexpected end-of-input, assuming it is closing the parent top level context
[1;31m> [m[2m17 | [m
  [2m   | [m[1;31m^[m expected an `end` to close the `def` statement
):
  
app/views/forecasts/index.html.erb:5: syntax errors found
Started GET "/forecasts" for 127.0.0.1 at 2026-06-10 13:58:22 -0700
Processing by ForecastsController#index as HTML
  Rendering layout layouts/application.html.erb
  Rendering forecasts/index.html.erb within layouts/application
  Rendered forecasts/index.html.erb within layouts/application (Duration: 8.5ms | GC: 0.0ms)
  Rendered layout layouts/application.html.erb (Duration: 10.7ms | GC: 0.0ms)
Completed 500 Internal Server Error in 119ms (ActiveRecord: 0.0ms (0 queries, 0 cached) | GC: 0.0ms)


  
ActionView::SyntaxErrorInTemplate (Encountered a syntax error while rendering template located at: app/views/forecasts/index.html.erb)
Caused by: ActiveSupport::SyntaxErrorProxy (/mnt/c/Users/Miguel/Documents/dev/ruby-weather-app/app/views/forecasts/index.html.erb:16: syntax errors found
  [2m14 | [m'.freeze;
  [2m15 | [m@output_buffer.safe_append='<!-- END app/views/forecasts/index.html.erb -->';@output_buffer
[1;31m> [m[2m16 | [m          end
  [2m   | [m             [1;31m^[m unexpected end-of-input, assuming it is closing the parent top level context
[1;31m> [m[2m17 | [m
  [2m   | [m[1;31m^[m expected an `end` to close the `def` statement
)

Information for: ActionView::SyntaxErrorInTemplate (Encountered a syntax error while rendering template located at: app/views/forecasts/index.html.erb):
1:    <h1>Forecasts#index</h1>
2:    <p>Enter an address below to find forecast data</p>
3:    
4:    <%= form_with url: forecast_path, method: :show, local: true do |form| %>
5:      <div>
6:        <%= form.label :address, "Enter address:" %>
7:        <%= form.text_field :address, placeholder: "Type address here..." %>
8:    
9:        <div>
10:          <%= form.submit "Submit" %>
11:        </div>
12:      </div>
  
app/views/forecasts/index.html.erb:16: syntax errors found

Information for cause: ActiveSupport::SyntaxErrorProxy (/mnt/c/Users/Miguel/Documents/dev/ruby-weather-app/app/views/forecasts/index.html.erb:16: syntax errors found
  [2m14 | [m'.freeze;
  [2m15 | [m@output_buffer.safe_append='<!-- END app/views/forecasts/index.html.erb -->';@output_buffer
[1;31m> [m[2m16 | [m          end
  [2m   | [m             [1;31m^[m unexpected end-of-input, assuming it is closing the parent top level context
[1;31m> [m[2m17 | [m
  [2m   | [m[1;31m^[m expected an `end` to close the `def` statement
):
  
app/views/forecasts/index.html.erb:16: syntax errors found
Started GET "/forecasts" for 127.0.0.1 at 2026-06-10 13:58:44 -0700
Processing by ForecastsController#index as HTML
  Rendering layout layouts/application.html.erb
  Rendering forecasts/index.html.erb within layouts/application
  Rendered forecasts/index.html.erb within layouts/application (Duration: 9.2ms | GC: 0.0ms)
  Rendered layout layouts/application.html.erb (Duration: 11.0ms | GC: 0.0ms)
Completed 500 Internal Server Error in 49ms (ActiveRecord: 0.0ms (0 queries, 0 cached) | GC: 0.3ms)


  
ActionView::SyntaxErrorInTemplate (Encountered a syntax error while rendering template located at: app/views/forecasts/index.html.erb)
Caused by: ActiveSupport::SyntaxErrorProxy (/mnt/c/Users/Miguel/Documents/dev/ruby-weather-app/app/views/forecasts/index.html.erb:16: syntax errors found
  [2m14 | [m'.freeze;
  [2m15 | [m@output_buffer.safe_append='<!-- END app/views/forecasts/index.html.erb -->';@output_buffer
[1;31m> [m[2m16 | [m          end
  [2m   | [m             [1;31m^[m unexpected end-of-input, assuming it is closing the parent top level context
[1;31m> [m[2m17 | [m
  [2m   | [m[1;31m^[m expected an `end` to close the `def` statement
)

Information for: ActionView::SyntaxErrorInTemplate (Encountered a syntax error while rendering template located at: app/views/forecasts/index.html.erb):
1:    <h1>Forecasts#index</h1>
2:    <p>Enter an address below to find forecast data</p>
3:    
4:    <%= form_with url: forecast_path, method: :show, local: true do |form| %>
5:      <div>
6:        <%= form.label :address, "Enter address:" %>
7:        <%= form.text_field :address, placeholder: "Type address here..." %>
8:    
9:        <div>
10:          <%= form.submit "Submit" %>
11:        </div>
12:      </div>
  
app/views/forecasts/index.html.erb:16: syntax errors found

Information for cause: ActiveSupport::SyntaxErrorProxy (/mnt/c/Users/Miguel/Documents/dev/ruby-weather-app/app/views/forecasts/index.html.erb:16: syntax errors found
  [2m14 | [m'.freeze;
  [2m15 | [m@output_buffer.safe_append='<!-- END app/views/forecasts/index.html.erb -->';@output_buffer
[1;31m> [m[2m16 | [m          end
  [2m   | [m             [1;31m^[m unexpected end-of-input, assuming it is closing the parent top level context
[1;31m> [m[2m17 | [m
  [2m   | [m[1;31m^[m expected an `end` to close the `def` statement
):
  
app/views/forecasts/index.html.erb:16: syntax errors found
Started GET "/forecasts" for 127.0.0.1 at 2026-06-10 13:58:55 -0700
Processing by ForecastsController#index as HTML
  Rendering layout layouts/application.html.erb
  Rendering forecasts/index.html.erb within layouts/application
  Rendered forecasts/index.html.erb within layouts/application (Duration: 8.9ms | GC: 0.0ms)
  Rendered layout layouts/application.html.erb (Duration: 11.1ms | GC: 0.0ms)
Completed 500 Internal Server Error in 90ms (ActiveRecord: 0.0ms (0 queries, 0 cached) | GC: 0.0ms)


  
ActionView::SyntaxErrorInTemplate (Encountered a syntax error while rendering template located at: app/views/forecasts/index.html.erb)
Caused by: ActiveSupport::SyntaxErrorProxy (/mnt/c/Users/Miguel/Documents/dev/ruby-weather-app/app/views/forecasts/index.html.erb:16: syntax errors found
  [2m14 | [m'.freeze;
  [2m15 | [m@output_buffer.safe_append='<!-- END app/views/forecasts/index.html.erb -->';@output_buffer
[1;31m> [m[2m16 | [m          end
  [2m   | [m             [1;31m^[m unexpected end-of-input, assuming it is closing the parent top level context
[1;31m> [m[2m17 | [m
  [2m   | [m[1;31m^[m expected an `end` to close the `def` statement
)

Information for: ActionView::SyntaxErrorInTemplate (Encountered a syntax error while rendering template located at: app/views/forecasts/index.html.erb):
1:    <h1>Forecasts#index</h1>
2:    <p>Enter an address below to find forecast data</p>
3:    
4:    <%= form_with url: forecast_path, method: :show do |form| %>
5:      <div>
6:        <%= form.label :address, "Enter address:" %>
7:        <%= form.text_field :address, placeholder: "Type address here..." %>
8:    
9:        <div>
10:          <%= form.submit "Submit" %>
11:        </div>
12:      </div>
  
app/views/forecasts/index.html.erb:16: syntax errors found

Information for cause: ActiveSupport::SyntaxErrorProxy (/mnt/c/Users/Miguel/Documents/dev/ruby-weather-app/app/views/forecasts/index.html.erb:16: syntax errors found
  [2m14 | [m'.freeze;
  [2m15 | [m@output_buffer.safe_append='<!-- END app/views/forecasts/index.html.erb -->';@output_buffer
[1;31m> [m[2m16 | [m          end
  [2m   | [m             [1;31m^[m unexpected end-of-input, assuming it is closing the parent top level context
[1;31m> [m[2m17 | [m
  [2m   | [m[1;31m^[m expected an `end` to close the `def` statement
):
  
app/views/forecasts/index.html.erb:16: syntax errors found
Started GET "/forecasts" for 127.0.0.1 at 2026-06-10 13:59:01 -0700
Processing by ForecastsController#index as HTML
  Rendering layout layouts/application.html.erb
  Rendering forecasts/index.html.erb within layouts/application
  Rendered forecasts/index.html.erb within layouts/application (Duration: 3.2ms | GC: 0.0ms)
  Rendered layout layouts/application.html.erb (Duration: 32.2ms | GC: 0.4ms)
Completed 200 OK in 99ms (Views: 51.1ms | ActiveRecord: 0.0ms (0 queries, 0 cached) | GC: 0.4ms)


Started GET "/forecasts" for 127.0.0.1 at 2026-06-10 13:59:07 -0700
Processing by ForecastsController#index as HTML
  Rendering layout layouts/application.html.erb
  Rendering forecasts/index.html.erb within layouts/application
  Rendered forecasts/index.html.erb within layouts/application (Duration: 6.9ms | GC: 0.0ms)
  Rendered layout layouts/application.html.erb (Duration: 9.0ms | GC: 0.0ms)
Completed 500 Internal Server Error in 77ms (ActiveRecord: 0.0ms (0 queries, 0 cached) | GC: 0.3ms)


  
ActionView::SyntaxErrorInTemplate (Encountered a syntax error while rendering template located at: app/views/forecasts/index.html.erb)
Caused by: ActiveSupport::SyntaxErrorProxy (/mnt/c/Users/Miguel/Documents/dev/ruby-weather-app/app/views/forecasts/index.html.erb:10: syntax errors found
  [2m 8 | [m'.freeze;
  [2m 9 | [m@output_buffer.safe_append='<!-- END app/views/forecasts/index.html.erb -->';@output_buffer
[1;31m> [m[2m10 | [m          end
  [2m   | [m             [1;31m^[m unexpected end-of-input, assuming it is closing the parent top level context
[1;31m> [m[2m11 | [m
  [2m   | [m[1;31m^[m expected an `end` to close the `def` statement
)

Information for: ActionView::SyntaxErrorInTemplate (Encountered a syntax error while rendering template located at: app/views/forecasts/index.html.erb):
1:    <h1>Forecasts#index</h1>
2:    <p>Enter an address below to find forecast data</p>
3:    
4:    <%= form_with url: forecast_path, method: :show do |form| %>
5:      <div>
6:      </div>
  
app/views/forecasts/index.html.erb:10: syntax errors found

Information for cause: ActiveSupport::SyntaxErrorProxy (/mnt/c/Users/Miguel/Documents/dev/ruby-weather-app/app/views/forecasts/index.html.erb:10: syntax errors found
  [2m 8 | [m'.freeze;
  [2m 9 | [m@output_buffer.safe_append='<!-- END app/views/forecasts/index.html.erb -->';@output_buffer
[1;31m> [m[2m10 | [m          end
  [2m   | [m             [1;31m^[m unexpected end-of-input, assuming it is closing the parent top level context
[1;31m> [m[2m11 | [m
  [2m   | [m[1;31m^[m expected an `end` to close the `def` statement
):
  
app/views/forecasts/index.html.erb:10: syntax errors found
Started GET "/forecasts" for 127.0.0.1 at 2026-06-10 13:59:22 -0700
Processing by ForecastsController#index as HTML
  Rendering layout layouts/application.html.erb
  Rendering forecasts/index.html.erb within layouts/application
  Rendered forecasts/index.html.erb within layouts/application (Duration: 5.7ms | GC: 0.0ms)
  Rendered layout layouts/application.html.erb (Duration: 9.6ms | GC: 0.0ms)
Completed 500 Internal Server Error in 113ms (ActiveRecord: 0.0ms (0 queries, 0 cached) | GC: 0.4ms)


  
ActionView::Template::Error (No route matches {action: "show", controller: "forecasts"}, missing required keys: [:id])
Caused by: ActionController::UrlGenerationError (No route matches {action: "show", controller: "forecasts"}, missing required keys: [:id])

Information for: ActionView::Template::Error (No route matches {action: "show", controller: "forecasts"}, missing required keys: [:id]):
    2: <p>Enter an address below to find forecast data</p>
    3: 
    4: <%= form_with url: forecast_path, method: :show do |form| %>
    5:   <div>
    6:     <%= form.label :address, "Enter address:" %>
    7:     <%= form.text_field :address, placeholder: "Type address here..." %>
    8: 
  
app/views/forecasts/index.html.erb:5

Information for cause: ActionController::UrlGenerationError (No route matches {action: "show", controller: "forecasts"}, missing required keys: [:id]):
  
app/views/forecasts/index.html.erb:5
Started GET "/" for 127.0.0.1 at 2026-06-10 14:01:46 -0700
Processing by ForecastsController#index as HTML
  Rendering layout layouts/application.html.erb
  Rendering forecasts/index.html.erb within layouts/application
  Rendered forecasts/index.html.erb within layouts/application (Duration: 0.7ms | GC: 0.0ms)
  Rendered layout layouts/application.html.erb (Duration: 2.2ms | GC: 0.0ms)
Completed 500 Internal Server Error in 37ms (ActiveRecord: 0.0ms (0 queries, 0 cached) | GC: 0.5ms)


  
ActionView::Template::Error (No route matches {action: "show", controller: "forecasts"}, missing required keys: [:id])
Caused by: ActionController::UrlGenerationError (No route matches {action: "show", controller: "forecasts"}, missing required keys: [:id])

Information for: ActionView::Template::Error (No route matches {action: "show", controller: "forecasts"}, missing required keys: [:id]):
    2: <p>Enter an address below to find forecast data</p>
    3: 
    4: <%= form_with url: forecast_path, method: :show do |form| %>
    5:   <div>
    6:     <%= form.label :address, "Enter address:" %>
    7:     <%= form.text_field :address, placeholder: "Type address here..." %>
    8: 
  
app/views/forecasts/index.html.erb:5

Information for cause: ActionController::UrlGenerationError (No route matches {action: "show", controller: "forecasts"}, missing required keys: [:id]):
  
app/views/forecasts/index.html.erb:5
Started GET "/forecasts/index" for 127.0.0.1 at 2026-06-10 14:44:08 -0700
Processing by ForecastsController#show as HTML
  Parameters: {"id" => "index"}
[31mUnpermitted parameter: :id. Context: { controller: ForecastsController, action: show, request: #<ActionDispatch::Request:0x00007d54e5df4258>, params: {"controller" => "forecasts", "action" => "show", "id" => "index"} }[0m
Completed 500 Internal Server Error in 33ms (ActiveRecord: 0.0ms (0 queries, 0 cached) | GC: 0.0ms)


  
NameError (uninitialized constant ForecastsController::ForecastService):
  
app/controllers/forecasts_controller.rb:11:in 'ForecastsController#show'
Started GET "/forecasts/index" for 127.0.0.1 at 2026-06-10 14:44:26 -0700
Processing by ForecastsController#show as HTML
  Parameters: {"id" => "index"}
[31mUnpermitted parameter: :id. Context: { controller: ForecastsController, action: show, request: #<ActionDispatch::Request:0x00007d54e624b9a0>, params: {"controller" => "forecasts", "action" => "show", "id" => "index"} }[0m
Completed 406 Not Acceptable in 46ms (ActiveRecord: 0.0ms (0 queries, 0 cached) | GC: 0.0ms)


  
ActionController::MissingExactTemplate (ForecastsController#show is missing a template for request formats: text/html):
  
actionpack (8.1.3) lib/action_controller/metal/implicit_render.rb:49:in 'ActionController::ImplicitRender#default_render'
actionpack (8.1.3) lib/action_controller/metal/basic_implicit_render.rb:9:in 'ActionController::BasicImplicitRender#send_action'
actionpack (8.1.3) lib/abstract_controller/base.rb:221:in 'AbstractController::Base#process_action'
actionpack (8.1.3) lib/action_controller/metal/rendering.rb:199:in 'ActionController::Rendering#process_action'
actionpack (8.1.3) lib/abstract_controller/callbacks.rb:267:in 'block in AbstractController::Callbacks#process_action'
activesupport (8.1.3) lib/active_support/callbacks.rb:121:in 'block in ActiveSupport::Callbacks#run_callbacks'
turbo-rails (2.0.23) lib/turbo-rails.rb:24:in 'Turbo.with_request_id'
turbo-rails (2.0.23) app/controllers/concerns/turbo/request_id_tracking.rb:10:in 'Turbo::RequestIdTracking#turbo_tracking_request_id'
activesupport (8.1.3) lib/active_support/callbacks.rb:130:in 'block in ActiveSupport::Callbacks#run_callbacks'
actiontext (8.1.3) lib/action_text/rendering.rb:24:in 'ActionText::Rendering::ClassMethods#with_renderer'
actiontext (8.1.3) lib/action_text/engine.rb:72:in 'block (4 levels) in <class:Engine>'
activesupport (8.1.3) lib/active_support/callbacks.rb:130:in 'BasicObject#instance_exec'
activesupport (8.1.3) lib/active_support/callbacks.rb:130:in 'block in ActiveSupport::Callbacks#run_callbacks'
activesupport (8.1.3) lib/active_support/callbacks.rb:141:in 'ActiveSupport::Callbacks#run_callbacks'
actionpack (8.1.3) lib/abstract_controller/callbacks.rb:266:in 'AbstractController::Callbacks#process_action'
actionpack (8.1.3) lib/action_controller/metal/rescue.rb:36:in 'ActionController::Rescue#process_action'
actionpack (8.1.3) lib/action_controller/metal/instrumentation.rb:76:in 'block in ActionController::Instrumentation#process_action'
activesupport (8.1.3) lib/active_support/notifications.rb:210:in 'block in ActiveSupport::Notifications.instrument'
activesupport (8.1.3) lib/active_support/notifications/instrumenter.rb:58:in 'ActiveSupport::Notifications::Instrumenter#instrument'
activesupport (8.1.3) lib/active_support/notifications.rb:210:in 'ActiveSupport::Notifications.instrument'
actionpack (8.1.3) lib/action_controller/metal/instrumentation.rb:75:in 'ActionController::Instrumentation#process_action'
actionpack (8.1.3) lib/action_controller/metal/params_wrapper.rb:259:in 'ActionController::ParamsWrapper#process_action'
activerecord (8.1.3) lib/active_record/railties/controller_runtime.rb:39:in 'ActiveRecord::Railties::ControllerRuntime#process_action'
actionpack (8.1.3) lib/abstract_controller/base.rb:154:in 'AbstractController::Base#process'
actionview (8.1.3) lib/action_view/rendering.rb:40:in 'ActionView::Rendering#process'
actionpack (8.1.3) lib/action_controller/metal.rb:252:in 'ActionController::Metal#dispatch'
actionpack (8.1.3) lib/action_controller/metal.rb:335:in 'ActionController::Metal.dispatch'
actionpack (8.1.3) lib/action_dispatch/routing/route_set.rb:65:in 'ActionDispatch::Routing::RouteSet::Dispatcher#dispatch'
actionpack (8.1.3) lib/action_dispatch/routing/route_set.rb:50:in 'ActionDispatch::Routing::RouteSet::Dispatcher#serve'
actionpack (8.1.3) lib/action_dispatch/journey/router.rb:35:in 'block in ActionDispatch::Journey::Router#serve'
actionpack (8.1.3) lib/action_dispatch/journey/router.rb:86:in 'block in ActionDispatch::Journey::Router#recognize'
actionpack (8.1.3) lib/action_dispatch/journey/router.rb:66:in 'Array#each'
actionpack (8.1.3) lib/action_dispatch/journey/router.rb:66:in 'ActionDispatch::Journey::Router#recognize'
actionpack (8.1.3) lib/action_dispatch/journey/router.rb:31:in 'ActionDispatch::Journey::Router#serve'
actionpack (8.1.3) lib/action_dispatch/routing/route_set.rb:906:in 'ActionDispatch::Routing::RouteSet#call'
railties (8.1.3) lib/rails/engine/lazy_route_set.rb:60:in 'Rails::Engine::LazyRouteSet#call'
rack (3.2.6) lib/rack/tempfile_reaper.rb:20:in 'Rack::TempfileReaper#call'
rack (3.2.6) lib/rack/etag.rb:29:in 'Rack::ETag#call'
rack (3.2.6) lib/rack/conditional_get.rb:31:in 'Rack::ConditionalGet#call'
rack (3.2.6) lib/rack/head.rb:15:in 'Rack::Head#call'
actionpack (8.1.3) lib/action_dispatch/http/content_security_policy.rb:38:in 'ActionDispatch::ContentSecurityPolicy::Middleware#call'
rack-session (2.1.2) lib/rack/session/abstract/id.rb:274:in 'Rack::Session::Abstract::Persisted#context'
rack-session (2.1.2) lib/rack/session/abstract/id.rb:268:in 'Rack::Session::Abstract::Persisted#call'
actionpack (8.1.3) lib/action_dispatch/middleware/cookies.rb:708:in 'ActionDispatch::Cookies#call'
activerecord (8.1.3) lib/active_record/migration.rb:671:in 'ActiveRecord::Migration::CheckPending#call'
actionpack (8.1.3) lib/action_dispatch/middleware/callbacks.rb:31:in 'block in ActionDispatch::Callbacks#call'
activesupport (8.1.3) lib/active_support/callbacks.rb:101:in 'ActiveSupport::Callbacks#run_callbacks'
actionpack (8.1.3) lib/action_dispatch/middleware/callbacks.rb:30:in 'ActionDispatch::Callbacks#call'
actionpack (8.1.3) lib/action_dispatch/middleware/executor.rb:20:in 'ActionDispatch::Executor#call'
actionpack (8.1.3) lib/action_dispatch/middleware/actionable_exceptions.rb:18:in 'ActionDispatch::ActionableExceptions#call'
actionpack (8.1.3) lib/action_dispatch/middleware/debug_exceptions.rb:31:in 'ActionDispatch::DebugExceptions#call'
web-console (4.3.0) lib/web_console/middleware.rb:132:in 'WebConsole::Middleware#call_app'
web-console (4.3.0) lib/web_console/middleware.rb:28:in 'block in WebConsole::Middleware#call'
web-console (4.3.0) lib/web_console/middleware.rb:17:in 'Kernel#catch'
web-console (4.3.0) lib/web_console/middleware.rb:17:in 'WebConsole::Middleware#call'
actionpack (8.1.3) lib/action_dispatch/middleware/show_exceptions.rb:32:in 'ActionDispatch::ShowExceptions#call'
railties (8.1.3) lib/rails/rack/logger.rb:41:in 'Rails::Rack::Logger#call_app'
railties (8.1.3) lib/rails/rack/logger.rb:29:in 'Rails::Rack::Logger#call'
propshaft (1.3.2) lib/propshaft/quiet_assets.rb:11:in 'Propshaft::QuietAssets#call'
actionpack (8.1.3) lib/action_dispatch/middleware/remote_ip.rb:98:in 'ActionDispatch::RemoteIp#call'
actionpack (8.1.3) lib/action_dispatch/middleware/request_id.rb:34:in 'ActionDispatch::RequestId#call'
rack (3.2.6) lib/rack/method_override.rb:28:in 'Rack::MethodOverride#call'
rack (3.2.6) lib/rack/runtime.rb:24:in 'Rack::Runtime#call'
activesupport (8.1.3) lib/active_support/cache/strategy/local_cache_middleware.rb:30:in 'ActiveSupport::Cache::Strategy::LocalCache::Middleware#call'
actionpack (8.1.3) lib/action_dispatch/middleware/server_timing.rb:61:in 'block in ActionDispatch::ServerTiming#call'
actionpack (8.1.3) lib/action_dispatch/middleware/server_timing.rb:26:in 'ActionDispatch::ServerTiming::Subscriber#collect_events'
actionpack (8.1.3) lib/action_dispatch/middleware/server_timing.rb:60:in 'ActionDispatch::ServerTiming#call'
actionpack (8.1.3) lib/action_dispatch/middleware/executor.rb:20:in 'ActionDispatch::Executor#call'
propshaft (1.3.2) lib/propshaft/server.rb:37:in 'Propshaft::Server#call'
actionpack (8.1.3) lib/action_dispatch/middleware/static.rb:27:in 'ActionDispatch::Static#call'
rack (3.2.6) lib/rack/sendfile.rb:131:in 'Rack::Sendfile#call'
actionpack (8.1.3) lib/action_dispatch/middleware/host_authorization.rb:143:in 'ActionDispatch::HostAuthorization#call'
railties (8.1.3) lib/rails/engine.rb:534:in 'Rails::Engine#call'
puma (8.0.2) lib/puma/configuration.rb:305:in 'Puma::Configuration::ConfigMiddleware#call'
puma (8.0.2) lib/puma/response.rb:79:in 'block in Puma::Response#handle_request'
puma (8.0.2) lib/puma/thread_pool.rb:434:in 'Puma::ThreadPool#with_force_shutdown'
puma (8.0.2) lib/puma/response.rb:78:in 'Puma::Response#handle_request'
puma (8.0.2) lib/puma/server.rb:508:in 'Puma::Server#process_client'
puma (8.0.2) lib/puma/server.rb:263:in 'block in Puma::Server#run'
puma (8.0.2) lib/puma/thread_pool.rb:246:in 'block in Puma::ThreadPool#spawn_thread'
Started GET "/forecasts/index" for 127.0.0.1 at 2026-06-10 14:44:55 -0700
Processing by ForecastsController#show as HTML
  Parameters: {"id" => "index"}
[31mUnpermitted parameter: :id. Context: { controller: ForecastsController, action: show, request: #<ActionDispatch::Request:0x00007d54e6266908>, params: {"controller" => "forecasts", "action" => "show", "id" => "index"} }[0m
Completed 406 Not Acceptable in 39ms (ActiveRecord: 0.0ms (0 queries, 0 cached) | GC: 0.1ms)


  
ActionController::MissingExactTemplate (ForecastsController#show is missing a template for request formats: text/html):
  
actionpack (8.1.3) lib/action_controller/metal/implicit_render.rb:49:in 'ActionController::ImplicitRender#default_render'
actionpack (8.1.3) lib/action_controller/metal/basic_implicit_render.rb:9:in 'ActionController::BasicImplicitRender#send_action'
actionpack (8.1.3) lib/abstract_controller/base.rb:221:in 'AbstractController::Base#process_action'
actionpack (8.1.3) lib/action_controller/metal/rendering.rb:199:in 'ActionController::Rendering#process_action'
actionpack (8.1.3) lib/abstract_controller/callbacks.rb:267:in 'block in AbstractController::Callbacks#process_action'
activesupport (8.1.3) lib/active_support/callbacks.rb:121:in 'block in ActiveSupport::Callbacks#run_callbacks'
turbo-rails (2.0.23) lib/turbo-rails.rb:24:in 'Turbo.with_request_id'
turbo-rails (2.0.23) app/controllers/concerns/turbo/request_id_tracking.rb:10:in 'Turbo::RequestIdTracking#turbo_tracking_request_id'
activesupport (8.1.3) lib/active_support/callbacks.rb:130:in 'block in ActiveSupport::Callbacks#run_callbacks'
actiontext (8.1.3) lib/action_text/rendering.rb:24:in 'ActionText::Rendering::ClassMethods#with_renderer'
actiontext (8.1.3) lib/action_text/engine.rb:72:in 'block (4 levels) in <class:Engine>'
activesupport (8.1.3) lib/active_support/callbacks.rb:130:in 'BasicObject#instance_exec'
activesupport (8.1.3) lib/active_support/callbacks.rb:130:in 'block in ActiveSupport::Callbacks#run_callbacks'
activesupport (8.1.3) lib/active_support/callbacks.rb:141:in 'ActiveSupport::Callbacks#run_callbacks'
actionpack (8.1.3) lib/abstract_controller/callbacks.rb:266:in 'AbstractController::Callbacks#process_action'
actionpack (8.1.3) lib/action_controller/metal/rescue.rb:36:in 'ActionController::Rescue#process_action'
actionpack (8.1.3) lib/action_controller/metal/instrumentation.rb:76:in 'block in ActionController::Instrumentation#process_action'
activesupport (8.1.3) lib/active_support/notifications.rb:210:in 'block in ActiveSupport::Notifications.instrument'
activesupport (8.1.3) lib/active_support/notifications/instrumenter.rb:58:in 'ActiveSupport::Notifications::Instrumenter#instrument'
activesupport (8.1.3) lib/active_support/notifications.rb:210:in 'ActiveSupport::Notifications.instrument'
actionpack (8.1.3) lib/action_controller/metal/instrumentation.rb:75:in 'ActionController::Instrumentation#process_action'
actionpack (8.1.3) lib/action_controller/metal/params_wrapper.rb:259:in 'ActionController::ParamsWrapper#process_action'
activerecord (8.1.3) lib/active_record/railties/controller_runtime.rb:39:in 'ActiveRecord::Railties::ControllerRuntime#process_action'
actionpack (8.1.3) lib/abstract_controller/base.rb:154:in 'AbstractController::Base#process'
actionview (8.1.3) lib/action_view/rendering.rb:40:in 'ActionView::Rendering#process'
actionpack (8.1.3) lib/action_controller/metal.rb:252:in 'ActionController::Metal#dispatch'
actionpack (8.1.3) lib/action_controller/metal.rb:335:in 'ActionController::Metal.dispatch'
actionpack (8.1.3) lib/action_dispatch/routing/route_set.rb:65:in 'ActionDispatch::Routing::RouteSet::Dispatcher#dispatch'
actionpack (8.1.3) lib/action_dispatch/routing/route_set.rb:50:in 'ActionDispatch::Routing::RouteSet::Dispatcher#serve'
actionpack (8.1.3) lib/action_dispatch/journey/router.rb:35:in 'block in ActionDispatch::Journey::Router#serve'
actionpack (8.1.3) lib/action_dispatch/journey/router.rb:86:in 'block in ActionDispatch::Journey::Router#recognize'
actionpack (8.1.3) lib/action_dispatch/journey/router.rb:66:in 'Array#each'
actionpack (8.1.3) lib/action_dispatch/journey/router.rb:66:in 'ActionDispatch::Journey::Router#recognize'
actionpack (8.1.3) lib/action_dispatch/journey/router.rb:31:in 'ActionDispatch::Journey::Router#serve'
actionpack (8.1.3) lib/action_dispatch/routing/route_set.rb:906:in 'ActionDispatch::Routing::RouteSet#call'
railties (8.1.3) lib/rails/engine/lazy_route_set.rb:60:in 'Rails::Engine::LazyRouteSet#call'
rack (3.2.6) lib/rack/tempfile_reaper.rb:20:in 'Rack::TempfileReaper#call'
rack (3.2.6) lib/rack/etag.rb:29:in 'Rack::ETag#call'
rack (3.2.6) lib/rack/conditional_get.rb:31:in 'Rack::ConditionalGet#call'
rack (3.2.6) lib/rack/head.rb:15:in 'Rack::Head#call'
actionpack (8.1.3) lib/action_dispatch/http/content_security_policy.rb:38:in 'ActionDispatch::ContentSecurityPolicy::Middleware#call'
rack-session (2.1.2) lib/rack/session/abstract/id.rb:274:in 'Rack::Session::Abstract::Persisted#context'
rack-session (2.1.2) lib/rack/session/abstract/id.rb:268:in 'Rack::Session::Abstract::Persisted#call'
actionpack (8.1.3) lib/action_dispatch/middleware/cookies.rb:708:in 'ActionDispatch::Cookies#call'
activerecord (8.1.3) lib/active_record/migration.rb:671:in 'ActiveRecord::Migration::CheckPending#call'
actionpack (8.1.3) lib/action_dispatch/middleware/callbacks.rb:31:in 'block in ActionDispatch::Callbacks#call'
activesupport (8.1.3) lib/active_support/callbacks.rb:101:in 'ActiveSupport::Callbacks#run_callbacks'
actionpack (8.1.3) lib/action_dispatch/middleware/callbacks.rb:30:in 'ActionDispatch::Callbacks#call'
actionpack (8.1.3) lib/action_dispatch/middleware/executor.rb:20:in 'ActionDispatch::Executor#call'
actionpack (8.1.3) lib/action_dispatch/middleware/actionable_exceptions.rb:18:in 'ActionDispatch::ActionableExceptions#call'
actionpack (8.1.3) lib/action_dispatch/middleware/debug_exceptions.rb:31:in 'ActionDispatch::DebugExceptions#call'
web-console (4.3.0) lib/web_console/middleware.rb:132:in 'WebConsole::Middleware#call_app'
web-console (4.3.0) lib/web_console/middleware.rb:28:in 'block in WebConsole::Middleware#call'
web-console (4.3.0) lib/web_console/middleware.rb:17:in 'Kernel#catch'
web-console (4.3.0) lib/web_console/middleware.rb:17:in 'WebConsole::Middleware#call'
actionpack (8.1.3) lib/action_dispatch/middleware/show_exceptions.rb:32:in 'ActionDispatch::ShowExceptions#call'
railties (8.1.3) lib/rails/rack/logger.rb:41:in 'Rails::Rack::Logger#call_app'
railties (8.1.3) lib/rails/rack/logger.rb:29:in 'Rails::Rack::Logger#call'
propshaft (1.3.2) lib/propshaft/quiet_assets.rb:11:in 'Propshaft::QuietAssets#call'
actionpack (8.1.3) lib/action_dispatch/middleware/remote_ip.rb:98:in 'ActionDispatch::RemoteIp#call'
actionpack (8.1.3) lib/action_dispatch/middleware/request_id.rb:34:in 'ActionDispatch::RequestId#call'
rack (3.2.6) lib/rack/method_override.rb:28:in 'Rack::MethodOverride#call'
rack (3.2.6) lib/rack/runtime.rb:24:in 'Rack::Runtime#call'
activesupport (8.1.3) lib/active_support/cache/strategy/local_cache_middleware.rb:30:in 'ActiveSupport::Cache::Strategy::LocalCache::Middleware#call'
actionpack (8.1.3) lib/action_dispatch/middleware/server_timing.rb:61:in 'block in ActionDispatch::ServerTiming#call'
actionpack (8.1.3) lib/action_dispatch/middleware/server_timing.rb:26:in 'ActionDispatch::ServerTiming::Subscriber#collect_events'
actionpack (8.1.3) lib/action_dispatch/middleware/server_timing.rb:60:in 'ActionDispatch::ServerTiming#call'
actionpack (8.1.3) lib/action_dispatch/middleware/executor.rb:20:in 'ActionDispatch::Executor#call'
propshaft (1.3.2) lib/propshaft/server.rb:37:in 'Propshaft::Server#call'
actionpack (8.1.3) lib/action_dispatch/middleware/static.rb:27:in 'ActionDispatch::Static#call'
rack (3.2.6) lib/rack/sendfile.rb:131:in 'Rack::Sendfile#call'
actionpack (8.1.3) lib/action_dispatch/middleware/host_authorization.rb:143:in 'ActionDispatch::HostAuthorization#call'
railties (8.1.3) lib/rails/engine.rb:534:in 'Rails::Engine#call'
puma (8.0.2) lib/puma/configuration.rb:305:in 'Puma::Configuration::ConfigMiddleware#call'
puma (8.0.2) lib/puma/response.rb:79:in 'block in Puma::Response#handle_request'
puma (8.0.2) lib/puma/thread_pool.rb:434:in 'Puma::ThreadPool#with_force_shutdown'
puma (8.0.2) lib/puma/response.rb:78:in 'Puma::Response#handle_request'
puma (8.0.2) lib/puma/server.rb:508:in 'Puma::Server#process_client'
puma (8.0.2) lib/puma/server.rb:263:in 'block in Puma::Server#run'
puma (8.0.2) lib/puma/thread_pool.rb:246:in 'block in Puma::ThreadPool#spawn_thread'
Started GET "/forecasts/index" for 127.0.0.1 at 2026-06-10 14:45:17 -0700
Processing by ForecastsController#show as HTML
  Parameters: {"id" => "index"}
[31mUnpermitted parameter: :id. Context: { controller: ForecastsController, action: show, request: #<ActionDispatch::Request:0x00007d54e7a0cf80>, params: {"controller" => "forecasts", "action" => "show", "id" => "index"} }[0m
  Rendering layout layouts/application.html.erb
  Rendering forecasts/show.html.erb within layouts/application
  Rendered forecasts/show.html.erb within layouts/application (Duration: 3.0ms | GC: 0.0ms)
  Rendered layout layouts/application.html.erb (Duration: 30.2ms | GC: 0.0ms)
Completed 200 OK in 88ms (Views: 45.3ms | ActiveRecord: 0.0ms (0 queries, 0 cached) | GC: 0.0ms)


Started GET "/" for 127.0.0.1 at 2026-06-10 14:45:30 -0700
Processing by ForecastsController#index as HTML
  Rendering layout layouts/application.html.erb
  Rendering forecasts/index.html.erb within layouts/application
  Rendered forecasts/index.html.erb within layouts/application (Duration: 4.7ms | GC: 0.0ms)
  Rendered layout layouts/application.html.erb (Duration: 6.7ms | GC: 0.0ms)
Completed 500 Internal Server Error in 52ms (ActiveRecord: 0.0ms (0 queries, 0 cached) | GC: 0.0ms)


  
ActionView::Template::Error (No route matches {action: "show", controller: "forecasts"}, missing required keys: [:id])
Caused by: ActionController::UrlGenerationError (No route matches {action: "show", controller: "forecasts"}, missing required keys: [:id])

Information for: ActionView::Template::Error (No route matches {action: "show", controller: "forecasts"}, missing required keys: [:id]):
    2: <p>Enter an address below to find forecast data</p>
    3: 
    4: <%= form_with url: forecast_path, method: :show do |form| %>
    5:   <div>
    6:     <%= form.label :address, "Enter address:" %>
    7:     <%= form.text_field :address, placeholder: "Type address here..." %>
    8: 
  
app/views/forecasts/index.html.erb:5

Information for cause: ActionController::UrlGenerationError (No route matches {action: "show", controller: "forecasts"}, missing required keys: [:id]):
  
app/views/forecasts/index.html.erb:5
Started GET "/" for 127.0.0.1 at 2026-06-10 14:45:38 -0700
Processing by ForecastsController#index as HTML
  Rendering layout layouts/application.html.erb
  Rendering forecasts/index.html.erb within layouts/application
  Rendered forecasts/index.html.erb within layouts/application (Duration: 0.8ms | GC: 0.0ms)
  Rendered layout layouts/application.html.erb (Duration: 2.7ms | GC: 0.0ms)
Completed 500 Internal Server Error in 81ms (ActiveRecord: 0.0ms (0 queries, 0 cached) | GC: 0.0ms)


  
ActionView::Template::Error (No route matches {action: "show", controller: "forecasts"}, missing required keys: [:id])
Caused by: ActionController::UrlGenerationError (No route matches {action: "show", controller: "forecasts"}, missing required keys: [:id])

Information for: ActionView::Template::Error (No route matches {action: "show", controller: "forecasts"}, missing required keys: [:id]):
    2: <p>Enter an address below to find forecast data</p>
  
app/views/forecasts/index.html.erb:5

Information for cause: ActionController::UrlGenerationError (No route matches {action: "show", controller: "forecasts"}, missing required keys: [:id]):
  
app/views/forecasts/index.html.erb:5
Started GET "/" for 127.0.0.1 at 2026-06-10 14:45:44 -0700
Processing by ForecastsController#index as HTML
  Rendering layout layouts/application.html.erb
  Rendering forecasts/index.html.erb within layouts/application
  Rendered forecasts/index.html.erb within layouts/application (Duration: 3.1ms | GC: 0.0ms)
  Rendered layout layouts/application.html.erb (Duration: 31.1ms | GC: 0.2ms)
Completed 200 OK in 87ms (Views: 42.3ms | ActiveRecord: 0.0ms (0 queries, 0 cached) | GC: 0.2ms)


Started GET "/" for 127.0.0.1 at 2026-06-10 14:45:53 -0700
Processing by ForecastsController#index as HTML
  Rendering layout layouts/application.html.erb
  Rendering forecasts/index.html.erb within layouts/application
  Rendered forecasts/index.html.erb within layouts/application (Duration: 3.3ms | GC: 0.0ms)
  Rendered layout layouts/application.html.erb (Duration: 30.7ms | GC: 0.0ms)
Completed 200 OK in 93ms (Views: 47.2ms | ActiveRecord: 0.0ms (0 queries, 0 cached) | GC: 0.0ms)


Started GET "/" for 127.0.0.1 at 2026-06-10 14:49:38 -0700
Processing by ForecastsController#index as HTML
  Rendering layout layouts/application.html.erb
  Rendering forecasts/index.html.erb within layouts/application
  Rendered forecasts/index.html.erb within layouts/application (Duration: 3.9ms | GC: 0.5ms)
  Rendered layout layouts/application.html.erb (Duration: 5.7ms | GC: 0.5ms)
Completed 500 Internal Server Error in 78ms (ActiveRecord: 0.0ms (0 queries, 0 cached) | GC: 0.5ms)


  
ActionView::Template::Error (No route matches {action: "show", controller: "forecasts"}, missing required keys: [:id])
Caused by: ActionController::UrlGenerationError (No route matches {action: "show", controller: "forecasts"}, missing required keys: [:id])

Information for: ActionView::Template::Error (No route matches {action: "show", controller: "forecasts"}, missing required keys: [:id]):
    2: <p>Enter an address below to find forecast data</p>
    3: 
    4: <%= form_with url: forecast_path, method: :get do |form| %>
    5:   <div>
    6:     <%= form.label :address, "Enter address:" %>
    7:     <%= form.text_field :address, placeholder: "Type address here..." %>
    8: 
  
app/views/forecasts/index.html.erb:5

Information for cause: ActionController::UrlGenerationError (No route matches {action: "show", controller: "forecasts"}, missing required keys: [:id]):
  
app/views/forecasts/index.html.erb:5
Started GET "/" for 127.0.0.1 at 2026-06-10 14:50:33 -0700
Processing by ForecastsController#index as HTML
  Rendering layout layouts/application.html.erb
  Rendering forecasts/index.html.erb within layouts/application
  Rendered forecasts/index.html.erb within layouts/application (Duration: 20.6ms | GC: 0.0ms)
  Rendered layout layouts/application.html.erb (Duration: 48.3ms | GC: 0.2ms)
Completed 200 OK in 102ms (Views: 60.3ms | ActiveRecord: 0.0ms (0 queries, 0 cached) | GC: 0.2ms)


Started GET "/" for 127.0.0.1 at 2026-06-10 14:50:57 -0700
Processing by ForecastsController#index as HTML
  Rendering layout layouts/application.html.erb
  Rendering forecasts/index.html.erb within layouts/application
  Rendered forecasts/index.html.erb within layouts/application (Duration: 4.4ms | GC: 0.0ms)
  Rendered layout layouts/application.html.erb (Duration: 29.7ms | GC: 0.0ms)
Completed 200 OK in 104ms (Views: 48.1ms | ActiveRecord: 0.0ms (0 queries, 0 cached) | GC: 0.1ms)


Started GET "/forecast?address=test&commit=Submit" for 127.0.0.1 at 2026-06-10 14:51:12 -0700
Processing by ForecastsController#show as HTML
  Parameters: {"address" => "test", "commit" => "Submit"}
[31mUnpermitted parameter: :commit. Context: { controller: ForecastsController, action: show, request: #<ActionDispatch::Request:0x00007d54e5e93d58>, params: {"address" => "test", "commit" => "Submit", "controller" => "forecasts", "action" => "show"} }[0m
  Rendering layout layouts/application.html.erb
  Rendering forecasts/show.html.erb within layouts/application
  Rendered forecasts/show.html.erb within layouts/application (Duration: 2.6ms | GC: 0.0ms)
  Rendered layout layouts/application.html.erb (Duration: 4.8ms | GC: 0.0ms)
Completed 200 OK in 47ms (Views: 6.6ms | ActiveRecord: 0.0ms (0 queries, 0 cached) | GC: 0.0ms)


Started GET "/forecast?address=test&commit=Submit" for 127.0.0.1 at 2026-06-10 14:53:18 -0700
Processing by ForecastsController#show as HTML
  Parameters: {"address" => "test", "commit" => "Submit"}
[31mUnpermitted parameter: :commit. Context: { controller: ForecastsController, action: show, request: #<ActionDispatch::Request:0x00007d54e797b5f8>, params: {"address" => "test", "commit" => "Submit", "controller" => "forecasts", "action" => "show"} }[0m
  Rendering layout layouts/application.html.erb
  Rendering forecasts/show.html.erb within layouts/application
  Rendered forecasts/show.html.erb within layouts/application (Duration: 3.1ms | GC: 0.0ms)
  Rendered layout layouts/application.html.erb (Duration: 33.8ms | GC: 0.0ms)
Completed 200 OK in 109ms (Views: 53.0ms | ActiveRecord: 0.0ms (0 queries, 0 cached) | GC: 2.7ms)


Started GET "/forecast?address=test&commit=Submit" for 127.0.0.1 at 2026-06-10 14:54:46 -0700
Processing by ForecastsController#show as HTML
  Parameters: {"address" => "test", "commit" => "Submit"}
[31mUnpermitted parameter: :commit. Context: { controller: ForecastsController, action: show, request: #<ActionDispatch::Request:0x00007d54e5f23f20>, params: {"address" => "test", "commit" => "Submit", "controller" => "forecasts", "action" => "show"} }[0m
  Rendering layout layouts/application.html.erb
  Rendering forecasts/show.html.erb within layouts/application
  Rendered forecasts/show.html.erb within layouts/application (Duration: 3.1ms | GC: 0.0ms)
  Rendered layout layouts/application.html.erb (Duration: 31.8ms | GC: 0.5ms)
Completed 200 OK in 99ms (Views: 47.6ms | ActiveRecord: 0.0ms (0 queries, 0 cached) | GC: 0.8ms)


Started GET "/forecast" for 127.0.0.1 at 2026-06-10 14:54:47 -0700
Processing by ForecastsController#show as HTML
  Rendering layout layouts/application.html.erb
  Rendering forecasts/show.html.erb within layouts/application
  Rendered forecasts/show.html.erb within layouts/application (Duration: 0.3ms | GC: 0.0ms)
  Rendered layout layouts/application.html.erb (Duration: 2.7ms | GC: 0.0ms)
Completed 200 OK in 42ms (Views: 4.5ms | ActiveRecord: 0.0ms (0 queries, 0 cached) | GC: 0.0ms)


Started GET "/forecast" for 127.0.0.1 at 2026-06-10 14:54:50 -0700
Processing by ForecastsController#show as HTML
  Rendering layout layouts/application.html.erb
  Rendering forecasts/show.html.erb within layouts/application
  Rendered forecasts/show.html.erb within layouts/application (Duration: 0.2ms | GC: 0.0ms)
  Rendered layout layouts/application.html.erb (Duration: 3.1ms | GC: 0.0ms)
Completed 200 OK in 46ms (Views: 5.3ms | ActiveRecord: 0.0ms (0 queries, 0 cached) | GC: 0.3ms)


Started GET "/forecast" for 127.0.0.1 at 2026-06-10 14:55:30 -0700
Processing by ForecastsController#show as HTML
  Rendering layout layouts/application.html.erb
  Rendering forecasts/show.html.erb within layouts/application
  Rendered forecasts/show.html.erb within layouts/application (Duration: 4.8ms | GC: 0.4ms)
  Rendered layout layouts/application.html.erb (Duration: 38.9ms | GC: 3.2ms)
Completed 200 OK in 118ms (Views: 59.9ms | ActiveRecord: 0.0ms (0 queries, 0 cached) | GC: 4.6ms)


Started GET "/" for 127.0.0.1 at 2026-06-10 14:55:32 -0700
Processing by ForecastsController#index as HTML
  Rendering layout layouts/application.html.erb
  Rendering forecasts/index.html.erb within layouts/application
  Rendered forecasts/index.html.erb within layouts/application (Duration: 7.3ms | GC: 2.2ms)
  Rendered layout layouts/application.html.erb (Duration: 11.9ms | GC: 3.7ms)
Completed 200 OK in 63ms (Views: 14.7ms | ActiveRecord: 0.0ms (0 queries, 0 cached) | GC: 4.3ms)


Started GET "/" for 127.0.0.1 at 2026-06-10 14:55:37 -0700
Processing by ForecastsController#index as HTML
  Rendering layout layouts/application.html.erb
  Rendering forecasts/index.html.erb within layouts/application
  Rendered forecasts/index.html.erb within layouts/application (Duration: 2.6ms | GC: 1.7ms)
  Rendered layout layouts/application.html.erb (Duration: 8.3ms | GC: 3.6ms)
Completed 200 OK in 62ms (Views: 11.5ms | ActiveRecord: 0.0ms (0 queries, 0 cached) | GC: 4.1ms)


Started GET "/forecast?address=test&commit=Submit" for 127.0.0.1 at 2026-06-10 14:55:39 -0700
Processing by ForecastsController#show as HTML
  Parameters: {"address" => "test", "commit" => "Submit"}
[31mUnpermitted parameter: :commit. Context: { controller: ForecastsController, action: show, request: #<ActionDispatch::Request:0x00007d54e62b4108>, params: {"address" => "test", "commit" => "Submit", "controller" => "forecasts", "action" => "show"} }[0m
  Rendering layout layouts/application.html.erb
  Rendering forecasts/show.html.erb within layouts/application
  Rendered forecasts/show.html.erb within layouts/application (Duration: 0.2ms | GC: 0.0ms)
  Rendered layout layouts/application.html.erb (Duration: 4.4ms | GC: 1.7ms)
Completed 200 OK in 52ms (Views: 6.8ms | ActiveRecord: 0.0ms (0 queries, 0 cached) | GC: 1.9ms)


Started GET "/forecast?address=test&commit=Submit" for 127.0.0.1 at 2026-06-10 14:56:23 -0700
Processing by ForecastsController#show as HTML
  Parameters: {"address" => "test", "commit" => "Submit"}
[31mUnpermitted parameter: :commit. Context: { controller: ForecastsController, action: show, request: #<ActionDispatch::Request:0x00007d54e5ec55b0>, params: {"address" => "test", "commit" => "Submit", "controller" => "forecasts", "action" => "show"} }[0m
  Rendering layout layouts/application.html.erb
  Rendering forecasts/show.html.erb within layouts/application
  Rendered forecasts/show.html.erb within layouts/application (Duration: 3.7ms | GC: 0.0ms)
  Rendered layout layouts/application.html.erb (Duration: 36.9ms | GC: 0.2ms)
Completed 200 OK in 93ms (Views: 49.1ms | ActiveRecord: 0.0ms (0 queries, 0 cached) | GC: 0.2ms)


Started GET "/" for 127.0.0.1 at 2026-06-10 14:56:25 -0700
Processing by ForecastsController#index as HTML
  Rendering layout layouts/application.html.erb
  Rendering forecasts/index.html.erb within layouts/application
  Rendered forecasts/index.html.erb within layouts/application (Duration: 6.1ms | GC: 0.3ms)
  Rendered layout layouts/application.html.erb (Duration: 9.1ms | GC: 0.3ms)
Completed 200 OK in 65ms (Views: 11.6ms | ActiveRecord: 0.0ms (0 queries, 0 cached) | GC: 0.3ms)


Started GET "/forecast?address=test" for 127.0.0.1 at 2026-06-10 14:56:27 -0700
Processing by ForecastsController#show as HTML
  Parameters: {"address" => "test"}
  Rendering layout layouts/application.html.erb
  Rendering forecasts/show.html.erb within layouts/application
  Rendered forecasts/show.html.erb within layouts/application (Duration: 0.2ms | GC: 0.0ms)
  Rendered layout layouts/application.html.erb (Duration: 2.9ms | GC: 0.0ms)
Completed 200 OK in 56ms (Views: 5.1ms | ActiveRecord: 0.0ms (0 queries, 0 cached) | GC: 0.0ms)


Started GET "/forecast?address=test" for 127.0.0.1 at 2026-06-10 14:57:54 -0700
Processing by ForecastsController#show as HTML
  Parameters: {"address" => "test"}
  Rendering layout layouts/application.html.erb
  Rendering forecasts/show.html.erb within layouts/application
  Rendered forecasts/show.html.erb within layouts/application (Duration: 5.9ms | GC: 0.0ms)
  Rendered layout layouts/application.html.erb (Duration: 8.2ms | GC: 0.0ms)
Completed 500 Internal Server Error in 85ms (ActiveRecord: 0.0ms (0 queries, 0 cached) | GC: 0.4ms)


  
ActionView::Template::Error (undefined method 'current_temperature' for an instance of Array)
Caused by: NoMethodError (undefined method 'current_temperature' for an instance of Array)

Information for: ActionView::Template::Error (undefined method 'current_temperature' for an instance of Array):
    4: <div>
    5:   Current temp:
    6:   <%= @forecast.current_temperature %>
    7: </div>
    8: </div>
  
app/views/forecasts/show.html.erb:7

Information for cause: NoMethodError (undefined method 'current_temperature' for an instance of Array):
  
app/views/forecasts/show.html.erb:7
Started GET "/forecast?address=test" for 127.0.0.1 at 2026-06-10 14:58:09 -0700
Processing by ForecastsController#show as HTML
  Parameters: {"address" => "test"}
  Rendering layout layouts/application.html.erb
  Rendering forecasts/show.html.erb within layouts/application
  Rendered forecasts/show.html.erb within layouts/application (Duration: 4.7ms | GC: 0.0ms)
  Rendered layout layouts/application.html.erb (Duration: 6.7ms | GC: 0.0ms)
Completed 500 Internal Server Error in 86ms (ActiveRecord: 0.0ms (0 queries, 0 cached) | GC: 0.0ms)


  
ActionView::Template::Error (no implicit conversion of Symbol into Integer)
Caused by: TypeError (no implicit conversion of Symbol into Integer)

Information for: ActionView::Template::Error (no implicit conversion of Symbol into Integer):
    4: <div>
    5:   Current temp:
    6:   <%= @forecast[:current_temperature] %>
    7: </div>
    8: </div>
  
app/views/forecasts/show.html.erb:7

Information for cause: TypeError (no implicit conversion of Symbol into Integer):
  
app/views/forecasts/show.html.erb:7
Started GET "/forecast?address=test" for 127.0.0.1 at 2026-06-10 14:58:19 -0700
Processing by ForecastsController#show as HTML
  Parameters: {"address" => "test"}
  Rendering layout layouts/application.html.erb
  Rendering forecasts/show.html.erb within layouts/application
  Rendered forecasts/show.html.erb within layouts/application (Duration: 5.9ms | GC: 0.0ms)
  Rendered layout layouts/application.html.erb (Duration: 8.6ms | GC: 0.0ms)
Completed 500 Internal Server Error in 114ms (ActiveRecord: 0.0ms (0 queries, 0 cached) | GC: 0.0ms)


  
ActionView::Template::Error (undefined local variable or method 'current_temperature' for an instance of #<Class:0x00007d54e5cde8a0>)
Caused by: NameError (undefined local variable or method 'current_temperature' for an instance of #<Class:0x00007d54e5cde8a0>)

Information for: ActionView::Template::Error (undefined local variable or method 'current_temperature' for an instance of #<Class:0x00007d54e5cde8a0>):
    4: <div>
    5:   Current temp:
    6:   <%= @forecast[current_temperature] %>
    7: </div>
    8: </div>
  
app/views/forecasts/show.html.erb:7

Information for cause: NameError (undefined local variable or method 'current_temperature' for an instance of #<Class:0x00007d54e5cde8a0>):
  
app/views/forecasts/show.html.erb:7
Started GET "/forecast?address=test" for 127.0.0.1 at 2026-06-10 14:58:36 -0700
Processing by ForecastsController#show as HTML
  Parameters: {"address" => "test"}
  Rendering layout layouts/application.html.erb
  Rendering forecasts/show.html.erb within layouts/application
  Rendered forecasts/show.html.erb within layouts/application (Duration: 3.8ms | GC: 0.0ms)
  Rendered layout layouts/application.html.erb (Duration: 5.4ms | GC: 0.0ms)
Completed 500 Internal Server Error in 61ms (ActiveRecord: 0.0ms (0 queries, 0 cached) | GC: 0.0ms)


  
ActionView::Template::Error (undefined local variable or method 'current_temperature' for an instance of #<Class:0x00007d54e59ff508>)
Caused by: NameError (undefined local variable or method 'current_temperature' for an instance of #<Class:0x00007d54e59ff508>)

Information for: ActionView::Template::Error (undefined local variable or method 'current_temperature' for an instance of #<Class:0x00007d54e59ff508>):
    4: <div>
    5:   Current temp:
    6:   <%= @forecast[current_temperature] %>
    7: </div>
    8: </div>
  
app/views/forecasts/show.html.erb:7

Information for cause: NameError (undefined local variable or method 'current_temperature' for an instance of #<Class:0x00007d54e59ff508>):
  
app/views/forecasts/show.html.erb:7
Started GET "/forecast?address=test" for 127.0.0.1 at 2026-06-10 14:58:38 -0700
Processing by ForecastsController#show as HTML
  Parameters: {"address" => "test"}
  Rendering layout layouts/application.html.erb
  Rendering forecasts/show.html.erb within layouts/application
  Rendered forecasts/show.html.erb within layouts/application (Duration: 0.8ms | GC: 0.0ms)
  Rendered layout layouts/application.html.erb (Duration: 2.5ms | GC: 0.0ms)
Completed 500 Internal Server Error in 39ms (ActiveRecord: 0.0ms (0 queries, 0 cached) | GC: 0.2ms)


  
ActionView::Template::Error (undefined local variable or method 'current_temperature' for an instance of #<Class:0x00007d54e59ff508>)
Caused by: NameError (undefined local variable or method 'current_temperature' for an instance of #<Class:0x00007d54e59ff508>)

Information for: ActionView::Template::Error (undefined local variable or method 'current_temperature' for an instance of #<Class:0x00007d54e59ff508>):
    4: <div>
    5:   Current temp:
    6:   <%= @forecast[current_temperature] %>
    7: </div>
    8: </div>
  
app/views/forecasts/show.html.erb:7

Information for cause: NameError (undefined local variable or method 'current_temperature' for an instance of #<Class:0x00007d54e59ff508>):
  
app/views/forecasts/show.html.erb:7
Started GET "/forecast?address=test" for 127.0.0.1 at 2026-06-10 15:03:23 -0700
  
ArgumentError (Invalid route name, already in use: 'forecast' 
You may have defined two routes with the same name using the `:as` option, or you may be overriding a route already defined by a resource with the same naming. For the latter, you can restrict the routes created with `resources` as explained here: 
https://guides.rubyonrails.org/routing.html#restricting-the-routes-created):
  
config/routes.rb:4:in 'block in <compiled>'
config/routes.rb:1:in '<compiled>'
Started GET "/" for 127.0.0.1 at 2026-06-10 15:03:25 -0700
Processing by WelcomeController#index as HTML
  Rendering layout layouts/application.html.erb
  Rendering welcome/index.html.erb within layouts/application
  Rendered welcome/index.html.erb within layouts/application (Duration: 3.4ms | GC: 0.0ms)
  Rendered layout layouts/application.html.erb (Duration: 34.3ms | GC: 0.6ms)
Completed 200 OK in 84ms (Views: 47.8ms | ActiveRecord: 0.0ms (0 queries, 0 cached) | GC: 0.6ms)


Started GET "/forecast" for 127.0.0.1 at 2026-06-10 15:03:27 -0700
Processing by ForecastsController#show as HTML
  Rendering layout layouts/application.html.erb
  Rendering forecasts/show.html.erb within layouts/application
  Rendered forecasts/show.html.erb within layouts/application (Duration: 3.7ms | GC: 0.0ms)
  Rendered layout layouts/application.html.erb (Duration: 5.3ms | GC: 0.0ms)
Completed 500 Internal Server Error in 49ms (ActiveRecord: 0.0ms (0 queries, 0 cached) | GC: 0.4ms)


  
ActionView::Template::Error (undefined local variable or method 'current_temperature' for an instance of #<Class:0x00007d54e5cdf700>)
Caused by: NameError (undefined local variable or method 'current_temperature' for an instance of #<Class:0x00007d54e5cdf700>)

Information for: ActionView::Template::Error (undefined local variable or method 'current_temperature' for an instance of #<Class:0x00007d54e5cdf700>):
    4:   <div>
    5:     Current temperature:
    6:     <%= @forecast[current_temperature] %>
    7:   </div>
    8: </div>
  
app/views/forecasts/show.html.erb:7

Information for cause: NameError (undefined local variable or method 'current_temperature' for an instance of #<Class:0x00007d54e5cdf700>):
  
app/views/forecasts/show.html.erb:7
Started GET "/" for 127.0.0.1 at 2026-06-10 15:03:48 -0700
  
ArgumentError (Invalid route name, already in use: 'forecast' 
You may have defined two routes with the same name using the `:as` option, or you may be overriding a route already defined by a resource with the same naming. For the latter, you can restrict the routes created with `resources` as explained here: 
https://guides.rubyonrails.org/routing.html#restricting-the-routes-created):
  
config/routes.rb:4:in 'block in <compiled>'
config/routes.rb:1:in '<compiled>'
Started GET "/" for 127.0.0.1 at 2026-06-10 15:03:57 -0700
Processing by WelcomeController#index as HTML
  Rendering layout layouts/application.html.erb
  Rendering welcome/index.html.erb within layouts/application
  Rendered welcome/index.html.erb within layouts/application (Duration: 3.5ms | GC: 0.0ms)
  Rendered layout layouts/application.html.erb (Duration: 30.2ms | GC: 0.0ms)
Completed 200 OK in 77ms (Views: 42.9ms | ActiveRecord: 0.0ms (0 queries, 0 cached) | GC: 0.0ms)


Started GET "/forecast" for 127.0.0.1 at 2026-06-10 15:03:59 -0700
Started GET "/forecast" for 127.0.0.1 at 2026-06-10 15:03:59 -0700
Processing by ForecastsController#show as HTML
  Rendering layout layouts/application.html.erb
  Rendering forecasts/show.html.erb within layouts/application
  Rendered forecasts/show.html.erb within layouts/application (Duration: 4.0ms | GC: 0.0ms)
  Rendered layout layouts/application.html.erb (Duration: 5.6ms | GC: 0.0ms)
Completed 500 Internal Server Error in 56ms (ActiveRecord: 0.0ms (0 queries, 0 cached) | GC: 0.0ms)


  
ActionView::Template::Error (undefined local variable or method 'current_temperature' for an instance of #<Class:0x00007d54e59f8488>)
Caused by: NameError (undefined local variable or method 'current_temperature' for an instance of #<Class:0x00007d54e59f8488>)

Information for: ActionView::Template::Error (undefined local variable or method 'current_temperature' for an instance of #<Class:0x00007d54e59f8488>):
    4:   <div>
    5:     Current temperature:
    6:     <%= @forecast[current_temperature] %>
    7:   </div>
    8: </div>
  
app/views/forecasts/show.html.erb:7

Information for cause: NameError (undefined local variable or method 'current_temperature' for an instance of #<Class:0x00007d54e59f8488>):
  
app/views/forecasts/show.html.erb:7
Processing by ForecastsController#show as HTML
  Rendering layout layouts/application.html.erb
  Rendering forecasts/show.html.erb within layouts/application
  Rendered forecasts/show.html.erb within layouts/application (Duration: 4.1ms | GC: 0.0ms)
  Rendered layout layouts/application.html.erb (Duration: 5.9ms | GC: 0.0ms)
Completed 500 Internal Server Error in 60ms (ActiveRecord: 0.0ms (0 queries, 0 cached) | GC: 0.0ms)


  
ActionView::Template::Error (undefined local variable or method 'current_temperature' for an instance of #<Class:0x00007d54e5395aa0>)
Caused by: NameError (undefined local variable or method 'current_temperature' for an instance of #<Class:0x00007d54e5395aa0>)

Information for: ActionView::Template::Error (undefined local variable or method 'current_temperature' for an instance of #<Class:0x00007d54e5395aa0>):
    4:   <div>
    5:     Current temperature:
    6:     <%= @forecast[current_temperature] %>
    7:   </div>
    8: </div>
  
app/views/forecasts/show.html.erb:7

Information for cause: NameError (undefined local variable or method 'current_temperature' for an instance of #<Class:0x00007d54e5395aa0>):
  
app/views/forecasts/show.html.erb:7
Started GET "/" for 127.0.0.1 at 2026-06-10 15:04:27 -0700
Processing by WelcomeController#index as HTML
  Rendering layout layouts/application.html.erb
  Rendering welcome/index.html.erb within layouts/application
  Rendered welcome/index.html.erb within layouts/application (Duration: 3.4ms | GC: 0.0ms)
  Rendered layout layouts/application.html.erb (Duration: 32.8ms | GC: 0.0ms)
Completed 200 OK in 89ms (Views: 46.7ms | ActiveRecord: 0.0ms (0 queries, 0 cached) | GC: 0.1ms)


Started GET "/forecast" for 127.0.0.1 at 2026-06-10 15:04:29 -0700
Processing by ForecastsController#show as HTML
  Rendering layout layouts/application.html.erb
  Rendering forecasts/show.html.erb within layouts/application
  Rendered forecasts/show.html.erb within layouts/application (Duration: 3.1ms | GC: 0.0ms)
  Rendered layout layouts/application.html.erb (Duration: 4.7ms | GC: 0.0ms)
Completed 500 Internal Server Error in 45ms (ActiveRecord: 0.0ms (0 queries, 0 cached) | GC: 0.0ms)


  
ActionView::Template::Error (undefined local variable or method 'current_temperature' for an instance of #<Class:0x00007d54e6072db8>)
Caused by: NameError (undefined local variable or method 'current_temperature' for an instance of #<Class:0x00007d54e6072db8>)

Information for: ActionView::Template::Error (undefined local variable or method 'current_temperature' for an instance of #<Class:0x00007d54e6072db8>):
    4:   <div>
    5:     Current temperature:
    6:     <%= @forecast[current_temperature] %>
    7:   </div>
    8: </div>
  
app/views/forecasts/show.html.erb:7

Information for cause: NameError (undefined local variable or method 'current_temperature' for an instance of #<Class:0x00007d54e6072db8>):
  
app/views/forecasts/show.html.erb:7
Started GET "/forecast" for 127.0.0.1 at 2026-06-10 15:05:45 -0700
Processing by ForecastsController#show as HTML
  Rendering layout layouts/application.html.erb
  Rendering forecasts/show.html.erb within layouts/application
  Rendered forecasts/show.html.erb within layouts/application (Duration: 6.6ms | GC: 0.0ms)
  Rendered layout layouts/application.html.erb (Duration: 9.2ms | GC: 0.0ms)
Completed 500 Internal Server Error in 72ms (ActiveRecord: 0.0ms (0 queries, 0 cached) | GC: 0.0ms)


  
ActionView::Template::Error (undefined local variable or method 'current_temperature' for an instance of #<Class:0x00007d54e5e3eb00>)
Caused by: NameError (undefined local variable or method 'current_temperature' for an instance of #<Class:0x00007d54e5e3eb00>)

Information for: ActionView::Template::Error (undefined local variable or method 'current_temperature' for an instance of #<Class:0x00007d54e5e3eb00>):
    4:   <div>
    5:     Current temperature:
    6:     <%= @forecast[current_temperature] %>
    7:   </div>
    8: </div>
  
app/views/forecasts/show.html.erb:7

Information for cause: NameError (undefined local variable or method 'current_temperature' for an instance of #<Class:0x00007d54e5e3eb00>):
  
app/views/forecasts/show.html.erb:7
Started GET "/forecast" for 127.0.0.1 at 2026-06-10 15:06:07 -0700
Processing by ForecastsController#show as HTML
  Rendering layout layouts/application.html.erb
  Rendering forecasts/show.html.erb within layouts/application
  Rendered forecasts/show.html.erb within layouts/application (Duration: 3.6ms | GC: 0.0ms)
  Rendered layout layouts/application.html.erb (Duration: 5.2ms | GC: 0.0ms)
Completed 500 Internal Server Error in 60ms (ActiveRecord: 0.0ms (0 queries, 0 cached) | GC: 0.0ms)


  
ActionView::Template::Error (undefined local variable or method 'current_temperature' for an instance of #<Class:0x00007d54e5a2d020>)
Caused by: NameError (undefined local variable or method 'current_temperature' for an instance of #<Class:0x00007d54e5a2d020>)

Information for: ActionView::Template::Error (undefined local variable or method 'current_temperature' for an instance of #<Class:0x00007d54e5a2d020>):
    4:   <div>
    5:     Current temperature:
    6:     <%= @forecast[current_temperature] %>
    7:   </div>
    8: </div>
  
app/views/forecasts/show.html.erb:7

Information for cause: NameError (undefined local variable or method 'current_temperature' for an instance of #<Class:0x00007d54e5a2d020>):
  
app/views/forecasts/show.html.erb:7
Started GET "/forecast" for 127.0.0.1 at 2026-06-10 15:06:29 -0700
Processing by ForecastsController#show as HTML
  Rendering layout layouts/application.html.erb
  Rendering forecasts/show.html.erb within layouts/application
  Rendered forecasts/show.html.erb within layouts/application (Duration: 0.5ms | GC: 0.0ms)
  Rendered layout layouts/application.html.erb (Duration: 2.3ms | GC: 0.0ms)
Completed 500 Internal Server Error in 50ms (ActiveRecord: 0.0ms (0 queries, 0 cached) | GC: 0.0ms)


  
ActionView::Template::Error (undefined local variable or method 'current_temperature' for an instance of #<Class:0x00007d54e5a2d020>)
Caused by: NameError (undefined local variable or method 'current_temperature' for an instance of #<Class:0x00007d54e5a2d020>)

Information for: ActionView::Template::Error (undefined local variable or method 'current_temperature' for an instance of #<Class:0x00007d54e5a2d020>):
    4:   <div>
    5:     Current temperature:
    6:   </div>
    7: </div>
  
app/views/forecasts/show.html.erb:7

Information for cause: NameError (undefined local variable or method 'current_temperature' for an instance of #<Class:0x00007d54e5a2d020>):
  
app/views/forecasts/show.html.erb:7
Started GET "/forecast" for 127.0.0.1 at 2026-06-10 15:06:50 -0700
Processing by ForecastsController#show as HTML
  Rendering layout layouts/application.html.erb
  Rendering forecasts/show.html.erb within layouts/application
  Rendered forecasts/show.html.erb within layouts/application (Duration: 4.8ms | GC: 0.0ms)
  Rendered layout layouts/application.html.erb (Duration: 36.4ms | GC: 0.3ms)
Completed 200 OK in 110ms (Views: 51.8ms | ActiveRecord: 0.0ms (0 queries, 0 cached) | GC: 0.3ms)


Started GET "/" for 127.0.0.1 at 2026-06-10 15:06:52 -0700
Processing by WelcomeController#index as HTML
  Rendering layout layouts/application.html.erb
  Rendering welcome/index.html.erb within layouts/application
  Rendered welcome/index.html.erb within layouts/application (Duration: 3.0ms | GC: 0.0ms)
  Rendered layout layouts/application.html.erb (Duration: 5.3ms | GC: 0.0ms)
Completed 200 OK in 45ms (Views: 9.6ms | ActiveRecord: 0.0ms (0 queries, 0 cached) | GC: 0.0ms)


Started GET "/forecast" for 127.0.0.1 at 2026-06-10 15:07:04 -0700
Processing by ForecastsController#show as HTML
  Rendering layout layouts/application.html.erb
  Rendering forecasts/show.html.erb within layouts/application
  Rendered forecasts/show.html.erb within layouts/application (Duration: 3.9ms | GC: 0.0ms)
  Rendered layout layouts/application.html.erb (Duration: 31.3ms | GC: 0.0ms)
Completed 200 OK in 86ms (Views: 44.7ms | ActiveRecord: 0.0ms (0 queries, 0 cached) | GC: 0.0ms)


Started GET "/" for 127.0.0.1 at 2026-06-10 15:07:16 -0700
Processing by WelcomeController#index as HTML
  Rendering layout layouts/application.html.erb
  Rendering welcome/index.html.erb within layouts/application
  Rendered welcome/index.html.erb within layouts/application (Duration: 3.9ms | GC: 0.0ms)
  Rendered layout layouts/application.html.erb (Duration: 27.7ms | GC: 0.0ms)
Completed 200 OK in 78ms (Views: 40.9ms | ActiveRecord: 0.0ms (0 queries, 0 cached) | GC: 0.0ms)


Started GET "/forecasts" for 127.0.0.1 at 2026-06-10 15:07:17 -0700
Processing by ForecastsController#index as HTML
  Rendering layout layouts/application.html.erb
  Rendering forecasts/index.html.erb within layouts/application
  Rendered forecasts/index.html.erb within layouts/application (Duration: 3.4ms | GC: 0.0ms)
  Rendered layout layouts/application.html.erb (Duration: 5.8ms | GC: 0.0ms)
Completed 200 OK in 50ms (Views: 10.0ms | ActiveRecord: 0.0ms (0 queries, 0 cached) | GC: 0.0ms)


Started GET "/forecast?address=test" for 127.0.0.1 at 2026-06-10 15:07:23 -0700
Processing by ForecastsController#show as HTML
  Parameters: {"address" => "test"}
  Rendering layout layouts/application.html.erb
  Rendering forecasts/show.html.erb within layouts/application
  Rendered forecasts/show.html.erb within layouts/application (Duration: 4.8ms | GC: 0.0ms)
  Rendered layout layouts/application.html.erb (Duration: 7.5ms | GC: 0.0ms)
Completed 200 OK in 60ms (Views: 10.0ms | ActiveRecord: 0.0ms (0 queries, 0 cached) | GC: 0.0ms)


Started GET "/forecast" for 127.0.0.1 at 2026-06-10 15:08:51 -0700
Processing by ForecastsController#show as HTML
  Rendering layout layouts/application.html.erb
  Rendering forecasts/show.html.erb within layouts/application
  Rendered forecasts/show.html.erb within layouts/application (Duration: 3.4ms | GC: 0.0ms)
  Rendered layout layouts/application.html.erb (Duration: 33.1ms | GC: 0.4ms)
Completed 200 OK in 102ms (Views: 46.2ms | ActiveRecord: 0.0ms (0 queries, 0 cached) | GC: 0.4ms)


Started GET "/forecast" for 127.0.0.1 at 2026-06-10 15:10:31 -0700
Processing by ForecastsController#show as HTML
Redirected to http://localhost:3000/forecasts
↳ app/controllers/forecasts_controller.rb:21:in 'ForecastsController#show'
Completed 302 Found in 37ms (ActiveRecord: 0.0ms (0 queries, 0 cached) | GC: 0.0ms)


Started GET "/" for 127.0.0.1 at 2026-06-10 15:10:32 -0700
Started GET "/forecasts" for 127.0.0.1 at 2026-06-10 15:10:32 -0700
Processing by ForecastsController#index as HTML
Processing by WelcomeController#index as HTML
  Rendering layout layouts/application.html.erb
  Rendering welcome/index.html.erb within layouts/application
  Rendering layout layouts/application.html.erb
  Rendering forecasts/index.html.erb within layouts/application
  Rendered welcome/index.html.erb within layouts/application (Duration: 4.2ms | GC: 0.0ms)
  Rendered forecasts/index.html.erb within layouts/application (Duration: 4.1ms | GC: 0.4ms)
  Rendered layout layouts/application.html.erb (Duration: 26.5ms | GC: 0.7ms)
  Rendered layout layouts/application.html.erb (Duration: 24.1ms | GC: 0.7ms)
Completed 200 OK in 68ms (Views: 36.3ms | ActiveRecord: 0.0ms (0 queries, 0 cached) | GC: 0.7ms)


Completed 200 OK in 88ms (Views: 40.1ms | ActiveRecord: 0.0ms (0 queries, 0 cached) | GC: 1.1ms)


Started GET "/forecast?address=" for 127.0.0.1 at 2026-06-10 15:10:36 -0700
Processing by ForecastsController#show as HTML
  Parameters: {"address" => ""}
Redirected to http://localhost:3000/forecasts
↳ app/controllers/forecasts_controller.rb:21:in 'ForecastsController#show'
Completed 302 Found in 35ms (ActiveRecord: 0.0ms (0 queries, 0 cached) | GC: 0.0ms)


Started GET "/forecasts" for 127.0.0.1 at 2026-06-10 15:10:36 -0700
Processing by ForecastsController#index as HTML
  Rendering layout layouts/application.html.erb
  Rendering forecasts/index.html.erb within layouts/application
  Rendered forecasts/index.html.erb within layouts/application (Duration: 0.6ms | GC: 0.0ms)
  Rendered layout layouts/application.html.erb (Duration: 3.2ms | GC: 0.0ms)
Completed 200 OK in 37ms (Views: 5.1ms | ActiveRecord: 0.0ms (0 queries, 0 cached) | GC: 0.0ms)


Started GET "/forecasts" for 127.0.0.1 at 2026-06-10 15:11:10 -0700
Processing by ForecastsController#index as HTML
  Rendering layout layouts/application.html.erb
  Rendering forecasts/index.html.erb within layouts/application
  Rendered forecasts/index.html.erb within layouts/application (Duration: 4.7ms | GC: 0.0ms)
  Rendered layout layouts/application.html.erb (Duration: 31.3ms | GC: 0.0ms)
Completed 200 OK in 106ms (Views: 49.0ms | ActiveRecord: 0.0ms (0 queries, 0 cached) | GC: 0.0ms)


Started GET "/forecasts" for 127.0.0.1 at 2026-06-10 15:11:19 -0700
Processing by ForecastsController#index as HTML
  Rendering layout layouts/application.html.erb
  Rendering forecasts/index.html.erb within layouts/application
  Rendered forecasts/index.html.erb within layouts/application (Duration: 4.2ms | GC: 0.0ms)
  Rendered layout layouts/application.html.erb (Duration: 30.5ms | GC: 0.6ms)
Completed 200 OK in 109ms (Views: 46.0ms | ActiveRecord: 0.0ms (0 queries, 0 cached) | GC: 1.1ms)


Started GET "/forecast?address=" for 127.0.0.1 at 2026-06-10 15:11:21 -0700
Processing by ForecastsController#show as HTML
  Parameters: {"address" => ""}
Redirected to http://localhost:3000/forecasts
↳ app/controllers/forecasts_controller.rb:21:in 'ForecastsController#show'
Completed 302 Found in 32ms (ActiveRecord: 0.0ms (0 queries, 0 cached) | GC: 0.0ms)


Started GET "/forecasts" for 127.0.0.1 at 2026-06-10 15:11:21 -0700
Processing by ForecastsController#index as HTML
  Rendering layout layouts/application.html.erb
  Rendering forecasts/index.html.erb within layouts/application
  Rendered forecasts/index.html.erb within layouts/application (Duration: 0.8ms | GC: 0.0ms)
  Rendered layout layouts/application.html.erb (Duration: 3.1ms | GC: 0.0ms)
Completed 200 OK in 39ms (Views: 4.9ms | ActiveRecord: 0.0ms (0 queries, 0 cached) | GC: 0.5ms)


Started GET "/forecasts" for 127.0.0.1 at 2026-06-10 15:12:17 -0700
Processing by ForecastsController#index as HTML
  Rendering layout layouts/application.html.erb
  Rendering forecasts/index.html.erb within layouts/application
  Rendered forecasts/index.html.erb within layouts/application (Duration: 5.1ms | GC: 0.3ms)
  Rendered layout layouts/application.html.erb (Duration: 29.4ms | GC: 0.3ms)
Completed 200 OK in 106ms (Views: 47.5ms | ActiveRecord: 0.0ms (0 queries, 0 cached) | GC: 0.3ms)


Started GET "/forecast?address=" for 127.0.0.1 at 2026-06-10 15:12:18 -0700
Processing by ForecastsController#show as HTML
  Parameters: {"address" => ""}
Redirected to http://localhost:3000/forecasts
↳ app/controllers/forecasts_controller.rb:21:in 'ForecastsController#show'
Completed 302 Found in 35ms (ActiveRecord: 0.0ms (0 queries, 0 cached) | GC: 0.3ms)


Started GET "/forecasts" for 127.0.0.1 at 2026-06-10 15:12:18 -0700
Processing by ForecastsController#index as HTML
  Rendering layout layouts/application.html.erb
  Rendering forecasts/index.html.erb within layouts/application
  Rendered forecasts/index.html.erb within layouts/application (Duration: 1.0ms | GC: 0.0ms)
  Rendered layout layouts/application.html.erb (Duration: 3.4ms | GC: 0.0ms)
Completed 200 OK in 35ms (Views: 5.1ms | ActiveRecord: 0.0ms (0 queries, 0 cached) | GC: 0.0ms)


Started GET "/forecasts" for 127.0.0.1 at 2026-06-10 15:12:34 -0700
Processing by ForecastsController#index as HTML
  Rendering layout layouts/application.html.erb
  Rendering forecasts/index.html.erb within layouts/application
  Rendered forecasts/index.html.erb within layouts/application (Duration: 1.0ms | GC: 0.0ms)
  Rendered layout layouts/application.html.erb (Duration: 4.2ms | GC: 0.0ms)
Completed 200 OK in 54ms (Views: 6.8ms | ActiveRecord: 0.0ms (0 queries, 0 cached) | GC: 0.6ms)


Started GET "/forecast?address=" for 127.0.0.1 at 2026-06-10 15:12:37 -0700
Processing by ForecastsController#show as HTML
  Parameters: {"address" => ""}
Redirected to http://localhost:3000/forecasts
↳ app/controllers/forecasts_controller.rb:17:in 'ForecastsController#show'
Completed 302 Found in 32ms (ActiveRecord: 0.0ms (0 queries, 0 cached) | GC: 0.0ms)


Started GET "/forecasts" for 127.0.0.1 at 2026-06-10 15:12:37 -0700
Processing by ForecastsController#index as HTML
  Rendering layout layouts/application.html.erb
  Rendering forecasts/index.html.erb within layouts/application
  Rendered forecasts/index.html.erb within layouts/application (Duration: 5.2ms | GC: 0.0ms)
  Rendered layout layouts/application.html.erb (Duration: 36.2ms | GC: 0.0ms)
Completed 200 OK in 81ms (Views: 49.3ms | ActiveRecord: 0.0ms (0 queries, 0 cached) | GC: 0.0ms)


Started GET "/forecast?address=" for 127.0.0.1 at 2026-06-10 15:40:54 -0700
Processing by ForecastsController#show as HTML
  Parameters: {"address" => ""}
Completed 500 Internal Server Error in 36ms (ActiveRecord: 0.0ms (0 queries, 0 cached) | GC: 0.0ms)


  
NoMethodError (undefined method 'pry' for an instance of Binding):
  
app/controllers/forecasts_controller.rb:5:in 'ForecastsController#show'
Started GET "/forecasts" for 127.0.0.1 at 2026-06-10 15:41:30 -0700
  
LoadError (cannot load such file -- pry):
  
app/controllers/forecasts_controller.rb:1:in '<compiled>'
Started GET "/forecasts" for 127.0.0.1 at 2026-06-10 15:42:34 -0700
Processing by ForecastsController#index as HTML
  Rendering layout layouts/application.html.erb
  Rendering forecasts/index.html.erb within layouts/application
  Rendered forecasts/index.html.erb within layouts/application (Duration: 4.4ms | GC: 0.2ms)
  Rendered layout layouts/application.html.erb (Duration: 34.9ms | GC: 0.2ms)
Completed 200 OK in 83ms (Views: 47.0ms | ActiveRecord: 0.0ms (0 queries, 0 cached) | GC: 0.2ms)


Started GET "/forecast?address=" for 127.0.0.1 at 2026-06-10 15:42:36 -0700
Processing by ForecastsController#show as HTML
  Parameters: {"address" => ""}
Completed 500 Internal Server Error in 33ms (ActiveRecord: 0.0ms (0 queries, 0 cached) | GC: 0.2ms)


  
NoMethodError (undefined method 'pry' for an instance of Binding):
  
app/controllers/forecasts_controller.rb:5:in 'ForecastsController#show'
Started GET "/forecasts" for 127.0.0.1 at 2026-06-10 15:45:06 -0700
Processing by ForecastsController#index as HTML
  Rendering layout layouts/application.html.erb
  Rendering forecasts/index.html.erb within layouts/application
  Rendered forecasts/index.html.erb within layouts/application (Duration: 0.9ms | GC: 0.0ms)
  Rendered layout layouts/application.html.erb (Duration: 3.6ms | GC: 0.0ms)
Completed 200 OK in 40ms (Views: 5.7ms | ActiveRecord: 0.0ms (0 queries, 0 cached) | GC: 0.6ms)


Started GET "/forecast?address=" for 127.0.0.1 at 2026-06-10 15:45:08 -0700
Processing by ForecastsController#show as HTML
  Parameters: {"address" => ""}
Completed 500 Internal Server Error in 31ms (ActiveRecord: 0.0ms (0 queries, 0 cached) | GC: 0.0ms)


  
NoMethodError (undefined method 'pry' for an instance of Binding):
  
app/controllers/forecasts_controller.rb:5:in 'ForecastsController#show'
Started GET "/forecasts" for 127.0.0.1 at 2026-06-10 15:46:41 -0700
Processing by ForecastsController#index as HTML
  Rendering layout layouts/application.html.erb
  Rendering forecasts/index.html.erb within layouts/application
  Rendered forecasts/index.html.erb within layouts/application (Duration: 1.1ms | GC: 0.0ms)
  Rendered layout layouts/application.html.erb (Duration: 3.9ms | GC: 0.0ms)
Completed 200 OK in 52ms (Views: 6.1ms | ActiveRecord: 0.0ms (0 queries, 0 cached) | GC: 0.0ms)


Started GET "/forecast?address=" for 127.0.0.1 at 2026-06-10 15:46:44 -0700
Processing by ForecastsController#show as HTML
  Parameters: {"address" => ""}
Completed 500 Internal Server Error in 44ms (ActiveRecord: 0.0ms (0 queries, 0 cached) | GC: 0.0ms)


  
NoMethodError (undefined method 'pry' for an instance of Binding):
  
app/controllers/forecasts_controller.rb:5:in 'ForecastsController#show'
Started GET "/forecasts" for 127.0.0.1 at 2026-06-10 15:47:21 -0700
  [1m[36mActiveRecord::SchemaMigration Load (0.9ms)[0m  [1m[34mSELECT "schema_migrations"."version" FROM "schema_migrations" ORDER BY "schema_migrations"."version" ASC /*application='RubyWeatherApp'*/[0m
Processing by ForecastsController#index as HTML
  Rendering layout layouts/application.html.erb
  Rendering forecasts/index.html.erb within layouts/application
  Rendered forecasts/index.html.erb within layouts/application (Duration: 38.9ms | GC: 0.0ms)
  Rendered layout layouts/application.html.erb (Duration: 134.9ms | GC: 0.0ms)
Completed 200 OK in 278ms (Views: 161.5ms | ActiveRecord: 0.0ms (0 queries, 0 cached) | GC: 0.0ms)


Started GET "/forecast?address=" for 127.0.0.1 at 2026-06-10 15:47:24 -0700
Processing by ForecastsController#show as HTML
  Parameters: {"address" => ""}
  Rendering layout layouts/application.html.erb
  Rendering forecasts/show.html.erb within layouts/application
  Rendered forecasts/show.html.erb within layouts/application (Duration: 7.6ms | GC: 0.0ms)
  Rendered layout layouts/application.html.erb (Duration: 9.3ms | GC: 0.0ms)
Completed 500 Internal Server Error in 15251ms (ActiveRecord: 0.0ms (0 queries, 0 cached) | GC: 30.1ms)


  
ActionView::Template::Error (no implicit conversion of Symbol into Integer)
Caused by: TypeError (no implicit conversion of Symbol into Integer)

Information for: ActionView::Template::Error (no implicit conversion of Symbol into Integer):
     6:   <div>
     7:     Current temperature:
     8:     <%= @forecast[:current_temperature] %>
     9:   </div>
    10: </div>
  
app/views/forecasts/show.html.erb:9:in 'String#[]'
app/views/forecasts/show.html.erb:9

Information for cause: TypeError (no implicit conversion of Symbol into Integer):
  
app/views/forecasts/show.html.erb:9:in 'String#[]'
app/views/forecasts/show.html.erb:9
Started GET "/forecasts" for 127.0.0.1 at 2026-06-10 15:47:56 -0700
Processing by ForecastsController#index as HTML
  Rendering layout layouts/application.html.erb
  Rendering forecasts/index.html.erb within layouts/application
  Rendered forecasts/index.html.erb within layouts/application (Duration: 0.9ms | GC: 0.0ms)
  Rendered layout layouts/application.html.erb (Duration: 2.9ms | GC: 0.0ms)
Completed 200 OK in 43ms (Views: 4.7ms | ActiveRecord: 0.0ms (0 queries, 0 cached) | GC: 0.0ms)


Started GET "/forecast?address=" for 127.0.0.1 at 2026-06-10 15:47:57 -0700
Processing by ForecastsController#show as HTML
  Parameters: {"address" => ""}
  Rendering layout layouts/application.html.erb
  Rendering forecasts/show.html.erb within layouts/application
  Rendered forecasts/show.html.erb within layouts/application (Duration: 0.7ms | GC: 0.0ms)
  Rendered layout layouts/application.html.erb (Duration: 3.7ms | GC: 0.0ms)
Completed 500 Internal Server Error in 7002ms (ActiveRecord: 0.0ms (0 queries, 0 cached) | GC: 15.8ms)


  
ActionView::Template::Error (no implicit conversion of Symbol into Integer)
Caused by: TypeError (no implicit conversion of Symbol into Integer)

Information for: ActionView::Template::Error (no implicit conversion of Symbol into Integer):
     6:   <div>
     7:     Current temperature:
     8:     <%= @forecast[:current_temperature] %>
     9:   </div>
    10: </div>
  
app/views/forecasts/show.html.erb:9:in 'String#[]'
app/views/forecasts/show.html.erb:9

Information for cause: TypeError (no implicit conversion of Symbol into Integer):
  
app/views/forecasts/show.html.erb:9:in 'String#[]'
app/views/forecasts/show.html.erb:9
Started GET "/forecasts" for 127.0.0.1 at 2026-06-10 15:48:24 -0700
Processing by ForecastsController#index as HTML
  Rendering layout layouts/application.html.erb
  Rendering forecasts/index.html.erb within layouts/application
  Rendered forecasts/index.html.erb within layouts/application (Duration: 3.9ms | GC: 0.0ms)
  Rendered layout layouts/application.html.erb (Duration: 30.0ms | GC: 0.4ms)
Completed 200 OK in 77ms (Views: 42.1ms | ActiveRecord: 0.0ms (0 queries, 0 cached) | GC: 0.4ms)


Started GET "/forecast?address=" for 127.0.0.1 at 2026-06-10 15:48:26 -0700
Processing by ForecastsController#show as HTML
  Parameters: {"address" => ""}
Completed 500 Internal Server Error in 27376ms (ActiveRecord: 0.0ms (0 queries, 0 cached) | GC: 30.2ms)


  
ArgumentError (Reported error must be an Exception, got: #<SyntaxError:"/mnt/c/Users/Miguel/Documents/dev/ruby-weather-app/app/services/forecast_service.rb:3: syntax errors found\n  \e[2m1 | \e[mclass ForecastService\n  \e[2m2 | \e[m  def self.get_forecast(address:)\n\e[1;31m> \e[m\e[2m3 | \e[m    {test: \"test\"}\"\n  \e[2m  | \e[m                  \e[1;31m^\e[m unexpected string literal, expecting end-of-input\n  \e[2m4 | \e[m  end\n\e[1;31m> \e[m\e[2m5 | \e[mend\n  \e[2m  | \e[m   \e[1;31m^\e[m unterminated string meets end of file\n\e[1;31m> \e[m\e[2m6 | \e[m\n  \e[2m  | \e[m\e[1;31m^\e[m expected an `end` to close the `class` statement\n\n  \e[2m  | \e[m\e[1;31m^\e[m expected an `end` to close the `def` statement\n\n  \e[2m  | \e[m\e[1;31m^\e[m unexpected end-of-input, assuming it is closing the parent top level context\n">)
Caused by: SyntaxError (/mnt/c/Users/Miguel/Documents/dev/ruby-weather-app/app/services/forecast_service.rb:3: syntax errors found
  [2m1 | [mclass ForecastService
  [2m2 | [m  def self.get_forecast(address:)
[1;31m> [m[2m3 | [m    {test: "test"}"
  [2m  | [m                  [1;31m^[m unexpected string literal, expecting end-of-input
  [2m4 | [m  end
[1;31m> [m[2m5 | [mend
  [2m  | [m   [1;31m^[m unterminated string meets end of file
[1;31m> [m[2m6 | [m
  [2m  | [m[1;31m^[m expected an `end` to close the `class` statement

  [2m  | [m[1;31m^[m expected an `end` to close the `def` statement

  [2m  | [m[1;31m^[m unexpected end-of-input, assuming it is closing the parent top level context
)

Information for: ArgumentError (Reported error must be an Exception, got: #<SyntaxError:"/mnt/c/Users/Miguel/Documents/dev/ruby-weather-app/app/services/forecast_service.rb:3: syntax errors found\n  \e[2m1 | \e[mclass ForecastService\n  \e[2m2 | \e[m  def self.get_forecast(address:)\n\e[1;31m> \e[m\e[2m3 | \e[m    {test: \"test\"}\"\n  \e[2m  | \e[m                  \e[1;31m^\e[m unexpected string literal, expecting end-of-input\n  \e[2m4 | \e[m  end\n\e[1;31m> \e[m\e[2m5 | \e[mend\n  \e[2m  | \e[m   \e[1;31m^\e[m unterminated string meets end of file\n\e[1;31m> \e[m\e[2m6 | \e[m\n  \e[2m  | \e[m\e[1;31m^\e[m expected an `end` to close the `class` statement\n\n  \e[2m  | \e[m\e[1;31m^\e[m expected an `end` to close the `def` statement\n\n  \e[2m  | \e[m\e[1;31m^\e[m unexpected end-of-input, assuming it is closing the parent top level context\n">):
  
activesupport (8.1.3) lib/active_support/error_reporter.rb:235:in 'ActiveSupport::ErrorReporter#report'
actionpack (8.1.3) lib/action_dispatch/middleware/executor.rb:36:in 'ActionDispatch::Executor#call'
actionpack (8.1.3) lib/action_dispatch/middleware/actionable_exceptions.rb:18:in 'ActionDispatch::ActionableExceptions#call'
actionpack (8.1.3) lib/action_dispatch/middleware/debug_exceptions.rb:31:in 'ActionDispatch::DebugExceptions#call'
web-console (4.3.0) lib/web_console/middleware.rb:132:in 'WebConsole::Middleware#call_app'
web-console (4.3.0) lib/web_console/middleware.rb:28:in 'block in WebConsole::Middleware#call'
web-console (4.3.0) lib/web_console/middleware.rb:17:in 'Kernel#catch'
web-console (4.3.0) lib/web_console/middleware.rb:17:in 'WebConsole::Middleware#call'
actionpack (8.1.3) lib/action_dispatch/middleware/show_exceptions.rb:32:in 'ActionDispatch::ShowExceptions#call'
railties (8.1.3) lib/rails/rack/logger.rb:41:in 'Rails::Rack::Logger#call_app'
railties (8.1.3) lib/rails/rack/logger.rb:29:in 'Rails::Rack::Logger#call'
propshaft (1.3.2) lib/propshaft/quiet_assets.rb:11:in 'Propshaft::QuietAssets#call'
actionpack (8.1.3) lib/action_dispatch/middleware/remote_ip.rb:98:in 'ActionDispatch::RemoteIp#call'
actionpack (8.1.3) lib/action_dispatch/middleware/request_id.rb:34:in 'ActionDispatch::RequestId#call'
rack (3.2.6) lib/rack/method_override.rb:28:in 'Rack::MethodOverride#call'
rack (3.2.6) lib/rack/runtime.rb:24:in 'Rack::Runtime#call'
activesupport (8.1.3) lib/active_support/cache/strategy/local_cache_middleware.rb:30:in 'ActiveSupport::Cache::Strategy::LocalCache::Middleware#call'
actionpack (8.1.3) lib/action_dispatch/middleware/server_timing.rb:61:in 'block in ActionDispatch::ServerTiming#call'
actionpack (8.1.3) lib/action_dispatch/middleware/server_timing.rb:26:in 'ActionDispatch::ServerTiming::Subscriber#collect_events'
actionpack (8.1.3) lib/action_dispatch/middleware/server_timing.rb:60:in 'ActionDispatch::ServerTiming#call'
actionpack (8.1.3) lib/action_dispatch/middleware/executor.rb:20:in 'ActionDispatch::Executor#call'
propshaft (1.3.2) lib/propshaft/server.rb:37:in 'Propshaft::Server#call'
actionpack (8.1.3) lib/action_dispatch/middleware/static.rb:27:in 'ActionDispatch::Static#call'
rack (3.2.6) lib/rack/sendfile.rb:131:in 'Rack::Sendfile#call'
actionpack (8.1.3) lib/action_dispatch/middleware/host_authorization.rb:143:in 'ActionDispatch::HostAuthorization#call'
railties (8.1.3) lib/rails/engine.rb:534:in 'Rails::Engine#call'
puma (8.0.2) lib/puma/configuration.rb:305:in 'Puma::Configuration::ConfigMiddleware#call'
puma (8.0.2) lib/puma/response.rb:79:in 'block in Puma::Response#handle_request'
puma (8.0.2) lib/puma/thread_pool.rb:434:in 'Puma::ThreadPool#with_force_shutdown'
puma (8.0.2) lib/puma/response.rb:78:in 'Puma::Response#handle_request'
puma (8.0.2) lib/puma/server.rb:508:in 'Puma::Server#process_client'
puma (8.0.2) lib/puma/server.rb:263:in 'block in Puma::Server#run'
puma (8.0.2) lib/puma/thread_pool.rb:246:in 'block in Puma::ThreadPool#spawn_thread'

Information for cause: SyntaxError (/mnt/c/Users/Miguel/Documents/dev/ruby-weather-app/app/services/forecast_service.rb:3: syntax errors found
  [2m1 | [mclass ForecastService
  [2m2 | [m  def self.get_forecast(address:)
[1;31m> [m[2m3 | [m    {test: "test"}"
  [2m  | [m                  [1;31m^[m unexpected string literal, expecting end-of-input
  [2m4 | [m  end
[1;31m> [m[2m5 | [mend
  [2m  | [m   [1;31m^[m unterminated string meets end of file
[1;31m> [m[2m6 | [m
  [2m  | [m[1;31m^[m expected an `end` to close the `class` statement

  [2m  | [m[1;31m^[m expected an `end` to close the `def` statement

  [2m  | [m[1;31m^[m unexpected end-of-input, assuming it is closing the parent top level context
):
  
app/services/forecast_service.rb:3: syntax errors found
app/controllers/forecasts_controller.rb:14:in 'ForecastsController#show'
Started GET "/forecasts" for 127.0.0.1 at 2026-06-10 15:49:04 -0700
Processing by ForecastsController#index as HTML
  Rendering layout layouts/application.html.erb
  Rendering forecasts/index.html.erb within layouts/application
  Rendered forecasts/index.html.erb within layouts/application (Duration: 6.2ms | GC: 0.3ms)
  Rendered layout layouts/application.html.erb (Duration: 42.1ms | GC: 0.3ms)
Completed 200 OK in 103ms (Views: 57.2ms | ActiveRecord: 0.0ms (0 queries, 0 cached) | GC: 0.3ms)


Started GET "/forecast?address=" for 127.0.0.1 at 2026-06-10 15:50:25 -0700
Processing by ForecastsController#show as HTML
  Parameters: {"address" => ""}
Redirected to http://localhost:3000/forecasts
↳ app/controllers/forecasts_controller.rb:7:in 'ForecastsController#show'
Completed 302 Found in 78ms (ActiveRecord: 0.0ms (0 queries, 0 cached) | GC: 0.0ms)


Started GET "/forecasts" for 127.0.0.1 at 2026-06-10 15:50:26 -0700
Processing by ForecastsController#index as HTML
  Rendering layout layouts/application.html.erb
  Rendering forecasts/index.html.erb within layouts/application
  Rendered forecasts/index.html.erb within layouts/application (Duration: 4.8ms | GC: 0.0ms)
  Rendered layout layouts/application.html.erb (Duration: 48.5ms | GC: 0.6ms)
Completed 200 OK in 107ms (Views: 62.1ms | ActiveRecord: 0.0ms (0 queries, 0 cached) | GC: 0.6ms)


Started GET "/forecast/?other=test" for 127.0.0.1 at 2026-06-10 15:50:40 -0700
Processing by ForecastsController#show as HTML
  Parameters: {"other" => "test"}
Completed 500 Internal Server Error in 32ms (ActiveRecord: 0.0ms (0 queries, 0 cached) | GC: 0.0ms)


  
NoMethodError (undefined method 'empty?' for nil):
  
app/controllers/forecasts_controller.rb:5:in 'ForecastsController#show'
Started GET "/forecast/?other=test" for 127.0.0.1 at 2026-06-10 15:50:58 -0700
Processing by ForecastsController#show as HTML
  Parameters: {"other" => "test"}
Redirected to http://localhost:3000/forecasts
↳ app/controllers/forecasts_controller.rb:7:in 'ForecastsController#show'
Completed 302 Found in 118ms (ActiveRecord: 0.0ms (0 queries, 0 cached) | GC: 0.0ms)


Started GET "/forecasts" for 127.0.0.1 at 2026-06-10 15:50:58 -0700
Processing by ForecastsController#index as HTML
  Rendering layout layouts/application.html.erb
  Rendering forecasts/index.html.erb within layouts/application
  Rendered forecasts/index.html.erb within layouts/application (Duration: 5.4ms | GC: 0.0ms)
  Rendered layout layouts/application.html.erb (Duration: 33.5ms | GC: 0.4ms)
Completed 200 OK in 80ms (Views: 44.2ms | ActiveRecord: 0.0ms (0 queries, 0 cached) | GC: 0.4ms)


Started GET "/forecast?address=" for 127.0.0.1 at 2026-06-10 15:51:01 -0700
Processing by ForecastsController#show as HTML
  Parameters: {"address" => ""}
Redirected to http://localhost:3000/forecasts
↳ app/controllers/forecasts_controller.rb:7:in 'ForecastsController#show'
Completed 302 Found in 35ms (ActiveRecord: 0.0ms (0 queries, 0 cached) | GC: 0.0ms)


Started GET "/forecasts" for 127.0.0.1 at 2026-06-10 15:51:01 -0700
Processing by ForecastsController#index as HTML
  Rendering layout layouts/application.html.erb
  Rendering forecasts/index.html.erb within layouts/application
  Rendered forecasts/index.html.erb within layouts/application (Duration: 0.9ms | GC: 0.0ms)
  Rendered layout layouts/application.html.erb (Duration: 3.5ms | GC: 0.0ms)
Completed 200 OK in 37ms (Views: 5.3ms | ActiveRecord: 0.0ms (0 queries, 0 cached) | GC: 0.3ms)


Started GET "/forecast?address=" for 127.0.0.1 at 2026-06-10 15:51:16 -0700
Processing by ForecastsController#show as HTML
  Parameters: {"address" => ""}
Redirected to http://localhost:3000/forecasts
↳ app/controllers/forecasts_controller.rb:7:in 'ForecastsController#show'
Completed 302 Found in 50ms (ActiveRecord: 0.0ms (0 queries, 0 cached) | GC: 0.0ms)


Started GET "/forecasts" for 127.0.0.1 at 2026-06-10 15:51:17 -0700
Processing by ForecastsController#index as HTML
  Rendering layout layouts/application.html.erb
  Rendering forecasts/index.html.erb within layouts/application
  Rendered forecasts/index.html.erb within layouts/application (Duration: 6.0ms | GC: 0.0ms)
  Rendered layout layouts/application.html.erb (Duration: 40.7ms | GC: 0.4ms)
Completed 200 OK in 100ms (Views: 60.0ms | ActiveRecord: 0.0ms (0 queries, 0 cached) | GC: 0.4ms)


Started GET "/forecast?address=" for 127.0.0.1 at 2026-06-10 16:05:22 -0700
Processing by ForecastsController#show as HTML
  Parameters: {"address" => ""}
Redirected to http://localhost:3000/forecasts
↳ app/controllers/forecasts_controller.rb:7:in 'ForecastsController#show'
Redirected to 
↳ app/controllers/forecasts_controller.rb:14:in 'ForecastsController#show'
Completed 500 Internal Server Error in 47ms (ActiveRecord: 0.0ms (0 queries, 0 cached) | GC: 0.0ms)


  
AbstractController::DoubleRenderError (Render and/or redirect were called multiple times in this action. Please note that you may only call render OR redirect, and at most once per action. Also note that neither redirect nor render terminate execution of the action, so if you want to exit an action after redirecting, you need to do something like "redirect_to(...); return".):
  
app/controllers/forecasts_controller.rb:14:in 'ForecastsController#show'
Started GET "/forecasts" for 127.0.0.1 at 2026-06-10 16:07:29 -0700
Processing by ForecastsController#index as HTML
  Rendering layout layouts/application.html.erb
  Rendering forecasts/index.html.erb within layouts/application
  Rendered forecasts/index.html.erb within layouts/application (Duration: 5.0ms | GC: 0.3ms)
  Rendered layout layouts/application.html.erb (Duration: 36.4ms | GC: 0.3ms)
Completed 200 OK in 84ms (Views: 48.8ms | ActiveRecord: 0.0ms (0 queries, 0 cached) | GC: 0.3ms)


Started GET "/forecast?address=" for 127.0.0.1 at 2026-06-10 16:07:30 -0700
Processing by ForecastsController#show as HTML
  Parameters: {"address" => ""}
Redirected to http://localhost:3000/forecasts
↳ app/controllers/forecasts_controller.rb:7:in 'ForecastsController#show'
Redirected to 
↳ app/controllers/forecasts_controller.rb:16:in 'ForecastsController#show'
Completed 500 Internal Server Error in 71ms (ActiveRecord: 0.0ms (0 queries, 0 cached) | GC: 1.0ms)


  
AbstractController::DoubleRenderError (Render and/or redirect were called multiple times in this action. Please note that you may only call render OR redirect, and at most once per action. Also note that neither redirect nor render terminate execution of the action, so if you want to exit an action after redirecting, you need to do something like "redirect_to(...); return".):
  
app/controllers/forecasts_controller.rb:16:in 'ForecastsController#show'
Started GET "/forecasts" for 127.0.0.1 at 2026-06-10 16:07:59 -0700
Processing by ForecastsController#index as HTML
  Rendering layout layouts/application.html.erb
  Rendering forecasts/index.html.erb within layouts/application
  Rendered forecasts/index.html.erb within layouts/application (Duration: 1.0ms | GC: 0.0ms)
  Rendered layout layouts/application.html.erb (Duration: 4.0ms | GC: 0.4ms)
Completed 200 OK in 46ms (Views: 6.1ms | ActiveRecord: 0.0ms (0 queries, 0 cached) | GC: 0.4ms)


Started GET "/forecast?address=" for 127.0.0.1 at 2026-06-10 16:08:01 -0700
Processing by ForecastsController#show as HTML
  Parameters: {"address" => ""}
Redirected to http://localhost:3000/forecasts
↳ app/controllers/forecasts_controller.rb:7:in 'ForecastsController#show'
Redirected to 
↳ app/controllers/forecasts_controller.rb:16:in 'ForecastsController#show'
Completed 500 Internal Server Error in 43499ms (ActiveRecord: 0.0ms (0 queries, 0 cached) | GC: 7.6ms)


  
AbstractController::DoubleRenderError (Render and/or redirect were called multiple times in this action. Please note that you may only call render OR redirect, and at most once per action. Also note that neither redirect nor render terminate execution of the action, so if you want to exit an action after redirecting, you need to do something like "redirect_to(...); return".):
  
app/controllers/forecasts_controller.rb:16:in 'ForecastsController#show'
Started GET "/forecasts" for 127.0.0.1 at 2026-06-10 16:08:54 -0700
Processing by ForecastsController#index as HTML
  Rendering layout layouts/application.html.erb
  Rendering forecasts/index.html.erb within layouts/application
  Rendered forecasts/index.html.erb within layouts/application (Duration: 4.0ms | GC: 0.0ms)
  Rendered layout layouts/application.html.erb (Duration: 30.0ms | GC: 0.2ms)
Completed 200 OK in 79ms (Views: 40.5ms | ActiveRecord: 0.0ms (0 queries, 0 cached) | GC: 0.2ms)


Started GET "/forecast?address=" for 127.0.0.1 at 2026-06-10 16:08:55 -0700
Processing by ForecastsController#show as HTML
  Parameters: {"address" => ""}
Redirected to http://localhost:3000/forecasts
↳ app/controllers/forecasts_controller.rb:7:in 'ForecastsController#show'
Completed 302 Found in 33ms (ActiveRecord: 0.0ms (0 queries, 0 cached) | GC: 0.0ms)


Started GET "/forecasts" for 127.0.0.1 at 2026-06-10 16:08:55 -0700
Processing by ForecastsController#index as HTML
  Rendering layout layouts/application.html.erb
  Rendering forecasts/index.html.erb within layouts/application
  Rendered forecasts/index.html.erb within layouts/application (Duration: 0.8ms | GC: 0.0ms)
  Rendered layout layouts/application.html.erb (Duration: 2.9ms | GC: 0.0ms)
Completed 200 OK in 42ms (Views: 4.6ms | ActiveRecord: 0.0ms (0 queries, 0 cached) | GC: 0.0ms)


